<?xml version="1.0" encoding="utf-8"?>
<resources>
<public type="attr" name="drawerArrowStyle" id="0x7f010000" />
<public type="attr" name="height" id="0x7f010001" />
<public type="attr" name="isLightTheme" id="0x7f010002" />
<public type="attr" name="select_dialog_multichoice" id="0x7f010003" />
<public type="attr" name="select_dialog_singlechoice" id="0x7f010004" />
<public type="attr" name="title" id="0x7f010005" />
<public type="attr" name="navigationMode" id="0x7f010006" />
<public type="attr" name="displayOptions" id="0x7f010007" />
<public type="attr" name="subtitle" id="0x7f010008" />
<public type="attr" name="titleTextStyle" id="0x7f010009" />
<public type="attr" name="subtitleTextStyle" id="0x7f01000a" />
<public type="attr" name="icon" id="0x7f01000b" />
<public type="attr" name="logo" id="0x7f01000c" />
<public type="attr" name="divider" id="0x7f01000d" />
<public type="attr" name="background" id="0x7f01000e" />
<public type="attr" name="backgroundStacked" id="0x7f01000f" />
<public type="attr" name="backgroundSplit" id="0x7f010010" />
<public type="attr" name="customNavigationLayout" id="0x7f010011" />
<public type="attr" name="homeLayout" id="0x7f010012" />
<public type="attr" name="progressBarStyle" id="0x7f010013" />
<public type="attr" name="indeterminateProgressStyle" id="0x7f010014" />
<public type="attr" name="progressBarPadding" id="0x7f010015" />
<public type="attr" name="itemPadding" id="0x7f010016" />
<public type="attr" name="hideOnContentScroll" id="0x7f010017" />
<public type="attr" name="contentInsetStart" id="0x7f010018" />
<public type="attr" name="contentInsetEnd" id="0x7f010019" />
<public type="attr" name="contentInsetLeft" id="0x7f01001a" />
<public type="attr" name="contentInsetRight" id="0x7f01001b" />
<public type="attr" name="elevation" id="0x7f01001c" />
<public type="attr" name="popupTheme" id="0x7f01001d" />
<public type="attr" name="closeItemLayout" id="0x7f01001e" />
<public type="attr" name="initialActivityCount" id="0x7f01001f" />
<public type="attr" name="expandActivityOverflowButtonDrawable" id="0x7f010020" />
<public type="attr" name="adSize" id="0x7f010021" />
<public type="attr" name="adSizes" id="0x7f010022" />
<public type="attr" name="adUnitId" id="0x7f010023" />
<public type="attr" name="buttonPanelSideLayout" id="0x7f010024" />
<public type="attr" name="listLayout" id="0x7f010025" />
<public type="attr" name="multiChoiceItemLayout" id="0x7f010026" />
<public type="attr" name="singleChoiceItemLayout" id="0x7f010027" />
<public type="attr" name="listItemLayout" id="0x7f010028" />
<public type="attr" name="srcCompat" id="0x7f010029" />
<public type="attr" name="textAllCaps" id="0x7f01002a" />
<public type="attr" name="windowActionBar" id="0x7f01002b" />
<public type="attr" name="windowNoTitle" id="0x7f01002c" />
<public type="attr" name="windowActionBarOverlay" id="0x7f01002d" />
<public type="attr" name="windowActionModeOverlay" id="0x7f01002e" />
<public type="attr" name="windowFixedWidthMajor" id="0x7f01002f" />
<public type="attr" name="windowFixedHeightMinor" id="0x7f010030" />
<public type="attr" name="windowFixedWidthMinor" id="0x7f010031" />
<public type="attr" name="windowFixedHeightMajor" id="0x7f010032" />
<public type="attr" name="windowMinWidthMajor" id="0x7f010033" />
<public type="attr" name="windowMinWidthMinor" id="0x7f010034" />
<public type="attr" name="actionBarTabStyle" id="0x7f010035" />
<public type="attr" name="actionBarTabBarStyle" id="0x7f010036" />
<public type="attr" name="actionBarTabTextStyle" id="0x7f010037" />
<public type="attr" name="actionOverflowButtonStyle" id="0x7f010038" />
<public type="attr" name="actionOverflowMenuStyle" id="0x7f010039" />
<public type="attr" name="actionBarPopupTheme" id="0x7f01003a" />
<public type="attr" name="actionBarStyle" id="0x7f01003b" />
<public type="attr" name="actionBarSplitStyle" id="0x7f01003c" />
<public type="attr" name="actionBarTheme" id="0x7f01003d" />
<public type="attr" name="actionBarWidgetTheme" id="0x7f01003e" />
<public type="attr" name="actionBarSize" id="0x7f01003f" />
<public type="attr" name="actionBarDivider" id="0x7f010040" />
<public type="attr" name="actionBarItemBackground" id="0x7f010041" />
<public type="attr" name="actionMenuTextAppearance" id="0x7f010042" />
<public type="attr" name="actionMenuTextColor" id="0x7f010043" />
<public type="attr" name="actionModeStyle" id="0x7f010044" />
<public type="attr" name="actionModeCloseButtonStyle" id="0x7f010045" />
<public type="attr" name="actionModeBackground" id="0x7f010046" />
<public type="attr" name="actionModeSplitBackground" id="0x7f010047" />
<public type="attr" name="actionModeCloseDrawable" id="0x7f010048" />
<public type="attr" name="actionModeCutDrawable" id="0x7f010049" />
<public type="attr" name="actionModeCopyDrawable" id="0x7f01004a" />
<public type="attr" name="actionModePasteDrawable" id="0x7f01004b" />
<public type="attr" name="actionModeSelectAllDrawable" id="0x7f01004c" />
<public type="attr" name="actionModeShareDrawable" id="0x7f01004d" />
<public type="attr" name="actionModeFindDrawable" id="0x7f01004e" />
<public type="attr" name="actionModeWebSearchDrawable" id="0x7f01004f" />
<public type="attr" name="actionModePopupWindowStyle" id="0x7f010050" />
<public type="attr" name="textAppearanceLargePopupMenu" id="0x7f010051" />
<public type="attr" name="textAppearanceSmallPopupMenu" id="0x7f010052" />
<public type="attr" name="dialogTheme" id="0x7f010053" />
<public type="attr" name="dialogPreferredPadding" id="0x7f010054" />
<public type="attr" name="listDividerAlertDialog" id="0x7f010055" />
<public type="attr" name="actionDropDownStyle" id="0x7f010056" />
<public type="attr" name="dropdownListPreferredItemHeight" id="0x7f010057" />
<public type="attr" name="spinnerDropDownItemStyle" id="0x7f010058" />
<public type="attr" name="homeAsUpIndicator" id="0x7f010059" />
<public type="attr" name="actionButtonStyle" id="0x7f01005a" />
<public type="attr" name="buttonBarStyle" id="0x7f01005b" />
<public type="attr" name="buttonBarButtonStyle" id="0x7f01005c" />
<public type="attr" name="selectableItemBackground" id="0x7f01005d" />
<public type="attr" name="selectableItemBackgroundBorderless" id="0x7f01005e" />
<public type="attr" name="borderlessButtonStyle" id="0x7f01005f" />
<public type="attr" name="dividerVertical" id="0x7f010060" />
<public type="attr" name="dividerHorizontal" id="0x7f010061" />
<public type="attr" name="activityChooserViewStyle" id="0x7f010062" />
<public type="attr" name="toolbarStyle" id="0x7f010063" />
<public type="attr" name="toolbarNavigationButtonStyle" id="0x7f010064" />
<public type="attr" name="popupMenuStyle" id="0x7f010065" />
<public type="attr" name="popupWindowStyle" id="0x7f010066" />
<public type="attr" name="editTextColor" id="0x7f010067" />
<public type="attr" name="editTextBackground" id="0x7f010068" />
<public type="attr" name="imageButtonStyle" id="0x7f010069" />
<public type="attr" name="textAppearanceSearchResultTitle" id="0x7f01006a" />
<public type="attr" name="textAppearanceSearchResultSubtitle" id="0x7f01006b" />
<public type="attr" name="textColorSearchUrl" id="0x7f01006c" />
<public type="attr" name="searchViewStyle" id="0x7f01006d" />
<public type="attr" name="listPreferredItemHeight" id="0x7f01006e" />
<public type="attr" name="listPreferredItemHeightSmall" id="0x7f01006f" />
<public type="attr" name="listPreferredItemHeightLarge" id="0x7f010070" />
<public type="attr" name="listPreferredItemPaddingLeft" id="0x7f010071" />
<public type="attr" name="listPreferredItemPaddingRight" id="0x7f010072" />
<public type="attr" name="dropDownListViewStyle" id="0x7f010073" />
<public type="attr" name="listPopupWindowStyle" id="0x7f010074" />
<public type="attr" name="textAppearanceListItem" id="0x7f010075" />
<public type="attr" name="textAppearanceListItemSmall" id="0x7f010076" />
<public type="attr" name="panelBackground" id="0x7f010077" />
<public type="attr" name="panelMenuListWidth" id="0x7f010078" />
<public type="attr" name="panelMenuListTheme" id="0x7f010079" />
<public type="attr" name="listChoiceBackgroundIndicator" id="0x7f01007a" />
<public type="attr" name="colorPrimary" id="0x7f01007b" />
<public type="attr" name="colorPrimaryDark" id="0x7f01007c" />
<public type="attr" name="colorAccent" id="0x7f01007d" />
<public type="attr" name="colorControlNormal" id="0x7f01007e" />
<public type="attr" name="colorControlActivated" id="0x7f01007f" />
<public type="attr" name="colorControlHighlight" id="0x7f010080" />
<public type="attr" name="colorButtonNormal" id="0x7f010081" />
<public type="attr" name="colorSwitchThumbNormal" id="0x7f010082" />
<public type="attr" name="controlBackground" id="0x7f010083" />
<public type="attr" name="alertDialogStyle" id="0x7f010084" />
<public type="attr" name="alertDialogButtonGroupStyle" id="0x7f010085" />
<public type="attr" name="alertDialogCenterButtons" id="0x7f010086" />
<public type="attr" name="alertDialogTheme" id="0x7f010087" />
<public type="attr" name="textColorAlertDialogListItem" id="0x7f010088" />
<public type="attr" name="buttonBarPositiveButtonStyle" id="0x7f010089" />
<public type="attr" name="buttonBarNegativeButtonStyle" id="0x7f01008a" />
<public type="attr" name="buttonBarNeutralButtonStyle" id="0x7f01008b" />
<public type="attr" name="autoCompleteTextViewStyle" id="0x7f01008c" />
<public type="attr" name="buttonStyle" id="0x7f01008d" />
<public type="attr" name="buttonStyleSmall" id="0x7f01008e" />
<public type="attr" name="checkboxStyle" id="0x7f01008f" />
<public type="attr" name="checkedTextViewStyle" id="0x7f010090" />
<public type="attr" name="editTextStyle" id="0x7f010091" />
<public type="attr" name="radioButtonStyle" id="0x7f010092" />
<public type="attr" name="ratingBarStyle" id="0x7f010093" />
<public type="attr" name="ratingBarStyleIndicator" id="0x7f010094" />
<public type="attr" name="ratingBarStyleSmall" id="0x7f010095" />
<public type="attr" name="seekBarStyle" id="0x7f010096" />
<public type="attr" name="spinnerStyle" id="0x7f010097" />
<public type="attr" name="switchStyle" id="0x7f010098" />
<public type="attr" name="allowStacking" id="0x7f010099" />
<public type="attr" name="buttonTint" id="0x7f01009a" />
<public type="attr" name="buttonTintMode" id="0x7f01009b" />
<public type="attr" name="color" id="0x7f01009c" />
<public type="attr" name="spinBars" id="0x7f01009d" />
<public type="attr" name="drawableSize" id="0x7f01009e" />
<public type="attr" name="gapBetweenBars" id="0x7f01009f" />
<public type="attr" name="arrowHeadLength" id="0x7f0100a0" />
<public type="attr" name="arrowShaftLength" id="0x7f0100a1" />
<public type="attr" name="barLength" id="0x7f0100a2" />
<public type="attr" name="thickness" id="0x7f0100a3" />
<public type="attr" name="measureWithLargestChild" id="0x7f0100a4" />
<public type="attr" name="showDividers" id="0x7f0100a5" />
<public type="attr" name="dividerPadding" id="0x7f0100a6" />
<public type="attr" name="imageAspectRatioAdjust" id="0x7f0100a7" />
<public type="attr" name="imageAspectRatio" id="0x7f0100a8" />
<public type="attr" name="circleCrop" id="0x7f0100a9" />
<public type="attr" name="showAsAction" id="0x7f0100aa" />
<public type="attr" name="actionLayout" id="0x7f0100ab" />
<public type="attr" name="actionViewClass" id="0x7f0100ac" />
<public type="attr" name="actionProviderClass" id="0x7f0100ad" />
<public type="attr" name="preserveIconSpacing" id="0x7f0100ae" />
<public type="attr" name="overlapAnchor" id="0x7f0100af" />
<public type="attr" name="state_above_anchor" id="0x7f0100b0" />
<public type="attr" name="layout" id="0x7f0100b1" />
<public type="attr" name="iconifiedByDefault" id="0x7f0100b2" />
<public type="attr" name="queryHint" id="0x7f0100b3" />
<public type="attr" name="defaultQueryHint" id="0x7f0100b4" />
<public type="attr" name="closeIcon" id="0x7f0100b5" />
<public type="attr" name="goIcon" id="0x7f0100b6" />
<public type="attr" name="searchIcon" id="0x7f0100b7" />
<public type="attr" name="searchHintIcon" id="0x7f0100b8" />
<public type="attr" name="voiceIcon" id="0x7f0100b9" />
<public type="attr" name="commitIcon" id="0x7f0100ba" />
<public type="attr" name="suggestionRowLayout" id="0x7f0100bb" />
<public type="attr" name="queryBackground" id="0x7f0100bc" />
<public type="attr" name="submitBackground" id="0x7f0100bd" />
<public type="attr" name="buttonSize" id="0x7f0100be" />
<public type="attr" name="colorScheme" id="0x7f0100bf" />
<public type="attr" name="scopeUris" id="0x7f0100c0" />
<public type="attr" name="track" id="0x7f0100c1" />
<public type="attr" name="thumbTextPadding" id="0x7f0100c2" />
<public type="attr" name="switchTextAppearance" id="0x7f0100c3" />
<public type="attr" name="switchMinWidth" id="0x7f0100c4" />
<public type="attr" name="switchPadding" id="0x7f0100c5" />
<public type="attr" name="splitTrack" id="0x7f0100c6" />
<public type="attr" name="showText" id="0x7f0100c7" />
<public type="attr" name="titleTextAppearance" id="0x7f0100c8" />
<public type="attr" name="subtitleTextAppearance" id="0x7f0100c9" />
<public type="attr" name="titleMargins" id="0x7f0100ca" />
<public type="attr" name="titleMarginStart" id="0x7f0100cb" />
<public type="attr" name="titleMarginEnd" id="0x7f0100cc" />
<public type="attr" name="titleMarginTop" id="0x7f0100cd" />
<public type="attr" name="titleMarginBottom" id="0x7f0100ce" />
<public type="attr" name="maxButtonHeight" id="0x7f0100cf" />
<public type="attr" name="collapseIcon" id="0x7f0100d0" />
<public type="attr" name="collapseContentDescription" id="0x7f0100d1" />
<public type="attr" name="navigationIcon" id="0x7f0100d2" />
<public type="attr" name="navigationContentDescription" id="0x7f0100d3" />
<public type="attr" name="logoDescription" id="0x7f0100d4" />
<public type="attr" name="titleTextColor" id="0x7f0100d5" />
<public type="attr" name="subtitleTextColor" id="0x7f0100d6" />
<public type="attr" name="paddingStart" id="0x7f0100d7" />
<public type="attr" name="paddingEnd" id="0x7f0100d8" />
<public type="attr" name="theme" id="0x7f0100d9" />
<public type="attr" name="backgroundTint" id="0x7f0100da" />
<public type="attr" name="backgroundTintMode" id="0x7f0100db" />
<public type="drawable" name="abc_btn_borderless_material" id="0x7f020002" />
<public type="drawable" name="abc_btn_check_material" id="0x7f020003" />
<public type="drawable" name="abc_btn_colored_material" id="0x7f020006" />
<public type="drawable" name="abc_btn_default_mtrl_shape" id="0x7f020007" />
<public type="drawable" name="abc_btn_radio_material" id="0x7f020008" />
<public type="drawable" name="abc_cab_background_internal_bg" id="0x7f02000f" />
<public type="drawable" name="abc_cab_background_top_material" id="0x7f020010" />
<public type="drawable" name="abc_dialog_material_background_dark" id="0x7f020013" />
<public type="drawable" name="abc_dialog_material_background_light" id="0x7f020014" />
<public type="drawable" name="abc_edit_text_material" id="0x7f020015" />
<public type="drawable" name="abc_item_background_holo_dark" id="0x7f020026" />
<public type="drawable" name="abc_item_background_holo_light" id="0x7f020027" />
<public type="drawable" name="abc_list_selector_background_transition_holo_dark" id="0x7f02002d" />
<public type="drawable" name="abc_list_selector_background_transition_holo_light" id="0x7f02002e" />
<public type="drawable" name="abc_list_selector_holo_dark" id="0x7f020031" />
<public type="drawable" name="abc_list_selector_holo_light" id="0x7f020032" />
<public type="drawable" name="abc_ratingbar_full_material" id="0x7f020035" />
<public type="drawable" name="abc_ratingbar_indicator_material" id="0x7f020036" />
<public type="drawable" name="abc_ratingbar_small_material" id="0x7f020037" />
<public type="drawable" name="abc_seekbar_thumb_material" id="0x7f02003d" />
<public type="drawable" name="abc_seekbar_track_material" id="0x7f02003e" />
<public type="drawable" name="abc_spinner_textfield_background_material" id="0x7f020040" />
<public type="drawable" name="abc_switch_thumb_material" id="0x7f020041" />
<public type="drawable" name="abc_tab_indicator_material" id="0x7f020043" />
<public type="drawable" name="abc_text_cursor_material" id="0x7f020045" />
<public type="drawable" name="abc_textfield_search_material" id="0x7f02004a" />
<public type="drawable" name="bubble" id="0x7f02004b" />
<public type="drawable" name="bubble_arrow_up" id="0x7f02004c" />
<public type="drawable" name="color_button_background" id="0x7f02004d" />
<public type="drawable" name="color_picker_advanced_select_handle" id="0x7f02004e" />
<public type="drawable" name="color_picker_border" id="0x7f02004f" />
<public type="drawable" name="common_google_signin_btn_icon_dark" id="0x7f020051" />
<public type="drawable" name="common_google_signin_btn_icon_light" id="0x7f020056" />
<public type="drawable" name="common_google_signin_btn_text_dark" id="0x7f02005b" />
<public type="drawable" name="common_google_signin_btn_text_light" id="0x7f020060" />
<public type="drawable" name="dropdown_popup_background" id="0x7f020066" />
<public type="drawable" name="dropdown_popup_background_down" id="0x7f020067" />
<public type="drawable" name="dropdown_popup_background_up" id="0x7f020068" />
<public type="drawable" name="grid_background" id="0x7f020069" />
<public type="drawable" name="ic_menu_share_holo_light" id="0x7f020072" />
<public type="drawable" name="ic_search" id="0x7f020073" />
<public type="drawable" name="ic_warning" id="0x7f020074" />
<public type="drawable" name="ondemand_overlay" id="0x7f020078" />
<public type="drawable" name="refresh_blue" id="0x7f020079" />
<public type="drawable" name="refresh_gray" id="0x7f02007a" />
<public type="drawable" name="verify_checkmark" id="0x7f02007c" />
<public type="drawable" name="notification_template_icon_bg" id="0x7f02007d" />
<public type="drawable" name="abc_action_bar_item_background_material" id="0x7f020001" />
<public type="drawable" name="abc_control_background_material" id="0x7f020012" />
<public type="drawable" name="common_ic_googleplayservices" id="0x7f020065" />
<public type="drawable" name="icon" id="0x7f020075" />
<public type="drawable" name="screen" id="0x7f02007b" />
<public type="drawable" name="abc_ab_share_pack_mtrl_alpha" id="0x7f020000" />
<public type="drawable" name="abc_btn_check_to_on_mtrl_000" id="0x7f020004" />
<public type="drawable" name="abc_btn_check_to_on_mtrl_015" id="0x7f020005" />
<public type="drawable" name="abc_btn_radio_to_on_mtrl_000" id="0x7f020009" />
<public type="drawable" name="abc_btn_radio_to_on_mtrl_015" id="0x7f02000a" />
<public type="drawable" name="abc_btn_rating_star_off_mtrl_alpha" id="0x7f02000b" />
<public type="drawable" name="abc_btn_rating_star_on_mtrl_alpha" id="0x7f02000c" />
<public type="drawable" name="abc_btn_switch_to_on_mtrl_00001" id="0x7f02000d" />
<public type="drawable" name="abc_btn_switch_to_on_mtrl_00012" id="0x7f02000e" />
<public type="drawable" name="abc_cab_background_top_mtrl_alpha" id="0x7f020011" />
<public type="drawable" name="abc_ic_ab_back_mtrl_am_alpha" id="0x7f020016" />
<public type="drawable" name="abc_ic_clear_mtrl_alpha" id="0x7f020017" />
<public type="drawable" name="abc_ic_commit_search_api_mtrl_alpha" id="0x7f020018" />
<public type="drawable" name="abc_ic_go_search_api_mtrl_alpha" id="0x7f020019" />
<public type="drawable" name="abc_ic_menu_copy_mtrl_am_alpha" id="0x7f02001a" />
<public type="drawable" name="abc_ic_menu_cut_mtrl_alpha" id="0x7f02001b" />
<public type="drawable" name="abc_ic_menu_moreoverflow_mtrl_alpha" id="0x7f02001c" />
<public type="drawable" name="abc_ic_menu_paste_mtrl_am_alpha" id="0x7f02001d" />
<public type="drawable" name="abc_ic_menu_selectall_mtrl_alpha" id="0x7f02001e" />
<public type="drawable" name="abc_ic_menu_share_mtrl_alpha" id="0x7f02001f" />
<public type="drawable" name="abc_ic_search_api_mtrl_alpha" id="0x7f020020" />
<public type="drawable" name="abc_ic_star_black_16dp" id="0x7f020021" />
<public type="drawable" name="abc_ic_star_black_36dp" id="0x7f020022" />
<public type="drawable" name="abc_ic_star_half_black_16dp" id="0x7f020023" />
<public type="drawable" name="abc_ic_star_half_black_36dp" id="0x7f020024" />
<public type="drawable" name="abc_ic_voice_search_api_mtrl_alpha" id="0x7f020025" />
<public type="drawable" name="abc_list_divider_mtrl_alpha" id="0x7f020028" />
<public type="drawable" name="abc_list_focused_holo" id="0x7f020029" />
<public type="drawable" name="abc_list_longpressed_holo" id="0x7f02002a" />
<public type="drawable" name="abc_list_pressed_holo_dark" id="0x7f02002b" />
<public type="drawable" name="abc_list_pressed_holo_light" id="0x7f02002c" />
<public type="drawable" name="abc_list_selector_disabled_holo_dark" id="0x7f02002f" />
<public type="drawable" name="abc_list_selector_disabled_holo_light" id="0x7f020030" />
<public type="drawable" name="abc_menu_hardkey_panel_mtrl_mult" id="0x7f020033" />
<public type="drawable" name="abc_popup_background_mtrl_mult" id="0x7f020034" />
<public type="drawable" name="abc_scrubber_control_off_mtrl_alpha" id="0x7f020038" />
<public type="drawable" name="abc_scrubber_control_to_pressed_mtrl_000" id="0x7f020039" />
<public type="drawable" name="abc_scrubber_control_to_pressed_mtrl_005" id="0x7f02003a" />
<public type="drawable" name="abc_scrubber_primary_mtrl_alpha" id="0x7f02003b" />
<public type="drawable" name="abc_scrubber_track_mtrl_alpha" id="0x7f02003c" />
<public type="drawable" name="abc_spinner_mtrl_am_alpha" id="0x7f02003f" />
<public type="drawable" name="abc_switch_track_mtrl_alpha" id="0x7f020042" />
<public type="drawable" name="abc_tab_indicator_mtrl_alpha" id="0x7f020044" />
<public type="drawable" name="abc_textfield_activated_mtrl_alpha" id="0x7f020046" />
<public type="drawable" name="abc_textfield_default_mtrl_alpha" id="0x7f020047" />
<public type="drawable" name="abc_textfield_search_activated_mtrl_alpha" id="0x7f020048" />
<public type="drawable" name="abc_textfield_search_default_mtrl_alpha" id="0x7f020049" />
<public type="drawable" name="common_full_open_on_phone" id="0x7f020050" />
<public type="drawable" name="common_google_signin_btn_icon_dark_disabled" id="0x7f020052" />
<public type="drawable" name="common_google_signin_btn_icon_dark_focused" id="0x7f020053" />
<public type="drawable" name="common_google_signin_btn_icon_dark_normal" id="0x7f020054" />
<public type="drawable" name="common_google_signin_btn_icon_dark_pressed" id="0x7f020055" />
<public type="drawable" name="common_google_signin_btn_icon_light_disabled" id="0x7f020057" />
<public type="drawable" name="common_google_signin_btn_icon_light_focused" id="0x7f020058" />
<public type="drawable" name="common_google_signin_btn_icon_light_normal" id="0x7f020059" />
<public type="drawable" name="common_google_signin_btn_icon_light_pressed" id="0x7f02005a" />
<public type="drawable" name="common_google_signin_btn_text_dark_disabled" id="0x7f02005c" />
<public type="drawable" name="common_google_signin_btn_text_dark_focused" id="0x7f02005d" />
<public type="drawable" name="common_google_signin_btn_text_dark_normal" id="0x7f02005e" />
<public type="drawable" name="common_google_signin_btn_text_dark_pressed" id="0x7f02005f" />
<public type="drawable" name="common_google_signin_btn_text_light_disabled" id="0x7f020061" />
<public type="drawable" name="common_google_signin_btn_text_light_focused" id="0x7f020062" />
<public type="drawable" name="common_google_signin_btn_text_light_normal" id="0x7f020063" />
<public type="drawable" name="common_google_signin_btn_text_light_pressed" id="0x7f020064" />
<public type="drawable" name="ic_action_discard_dark" id="0x7f02006a" />
<public type="drawable" name="ic_action_discard_light" id="0x7f02006b" />
<public type="drawable" name="ic_action_done_dark" id="0x7f02006c" />
<public type="drawable" name="ic_action_done_light" id="0x7f02006d" />
<public type="drawable" name="ic_action_next_item" id="0x7f02006e" />
<public type="drawable" name="ic_action_previous_item" id="0x7f02006f" />
<public type="drawable" name="ic_action_remove" id="0x7f020070" />
<public type="drawable" name="ic_launcher" id="0x7f020071" />
<public type="drawable" name="image_bg" id="0x7f020076" />
<public type="drawable" name="loading_icon" id="0x7f020077" />
<public type="layout" name="abc_action_bar_title_item" id="0x7f030000" />
<public type="layout" name="abc_action_bar_up_container" id="0x7f030001" />
<public type="layout" name="abc_action_bar_view_list_nav_layout" id="0x7f030002" />
<public type="layout" name="abc_action_menu_item_layout" id="0x7f030003" />
<public type="layout" name="abc_action_menu_layout" id="0x7f030004" />
<public type="layout" name="abc_action_mode_bar" id="0x7f030005" />
<public type="layout" name="abc_action_mode_close_item_material" id="0x7f030006" />
<public type="layout" name="abc_activity_chooser_view" id="0x7f030007" />
<public type="layout" name="abc_activity_chooser_view_list_item" id="0x7f030008" />
<public type="layout" name="abc_alert_dialog_button_bar_material" id="0x7f030009" />
<public type="layout" name="abc_alert_dialog_material" id="0x7f03000a" />
<public type="layout" name="abc_dialog_title_material" id="0x7f03000b" />
<public type="layout" name="abc_expanded_menu_layout" id="0x7f03000c" />
<public type="layout" name="abc_list_menu_item_checkbox" id="0x7f03000d" />
<public type="layout" name="abc_list_menu_item_icon" id="0x7f03000e" />
<public type="layout" name="abc_list_menu_item_layout" id="0x7f03000f" />
<public type="layout" name="abc_list_menu_item_radio" id="0x7f030010" />
<public type="layout" name="abc_popup_menu_item_layout" id="0x7f030011" />
<public type="layout" name="abc_screen_content_include" id="0x7f030012" />
<public type="layout" name="abc_screen_simple" id="0x7f030013" />
<public type="layout" name="abc_screen_simple_overlay_action_mode" id="0x7f030014" />
<public type="layout" name="abc_screen_toolbar" id="0x7f030015" />
<public type="layout" name="abc_search_dropdown_item_icons_2line" id="0x7f030016" />
<public type="layout" name="abc_search_view" id="0x7f030017" />
<public type="layout" name="abc_select_dialog_material" id="0x7f030018" />
<public type="layout" name="actionbar_custom_view_done_discard" id="0x7f030019" />
<public type="layout" name="actionbar_discard_button" id="0x7f03001a" />
<public type="layout" name="actionbar_done_button" id="0x7f03001b" />
<public type="layout" name="color_picker_advanced_component" id="0x7f03001c" />
<public type="layout" name="color_picker_dialog_content" id="0x7f03001d" />
<public type="layout" name="color_picker_dialog_title" id="0x7f03001e" />
<public type="layout" name="date_time_picker_dialog" id="0x7f03001f" />
<public type="layout" name="date_time_suggestion" id="0x7f030020" />
<public type="layout" name="dropdown_item" id="0x7f030021" />
<public type="layout" name="multi_field_time_picker_dialog" id="0x7f030022" />
<public type="layout" name="multiselectorgrid" id="0x7f030023" />
<public type="layout" name="notification_media_action" id="0x7f030024" />
<public type="layout" name="notification_media_cancel_action" id="0x7f030025" />
<public type="layout" name="notification_template_big_media" id="0x7f030026" />
<public type="layout" name="notification_template_big_media_narrow" id="0x7f030027" />
<public type="layout" name="notification_template_lines" id="0x7f030028" />
<public type="layout" name="notification_template_media" id="0x7f030029" />
<public type="layout" name="notification_template_part_chronometer" id="0x7f03002a" />
<public type="layout" name="notification_template_part_time" id="0x7f03002b" />
<public type="layout" name="select_dialog_item_material" id="0x7f03002c" />
<public type="layout" name="select_dialog_multichoice_material" id="0x7f03002d" />
<public type="layout" name="select_dialog_singlechoice_material" id="0x7f03002e" />
<public type="layout" name="support_simple_spinner_dropdown_item" id="0x7f03002f" />
<public type="layout" name="two_field_date_picker" id="0x7f030030" />
<public type="layout" name="validation_message_bubble" id="0x7f030031" />
<public type="anim" name="abc_fade_in" id="0x7f040000" />
<public type="anim" name="abc_fade_out" id="0x7f040001" />
<public type="anim" name="abc_grow_fade_in_from_bottom" id="0x7f040002" />
<public type="anim" name="abc_popup_enter" id="0x7f040003" />
<public type="anim" name="abc_popup_exit" id="0x7f040004" />
<public type="anim" name="abc_shrink_fade_out_from_bottom" id="0x7f040005" />
<public type="anim" name="abc_slide_in_bottom" id="0x7f040006" />
<public type="anim" name="abc_slide_in_top" id="0x7f040007" />
<public type="anim" name="abc_slide_out_bottom" id="0x7f040008" />
<public type="anim" name="abc_slide_out_top" id="0x7f040009" />
<public type="anim" name="image_pop_in" id="0x7f04000a" />
<public type="xml" name="config" id="0x7f050000" />
<public type="raw" name="contacts_api" id="0x7f060000" />
<public type="raw" name="device_capabilities_api" id="0x7f060001" />
<public type="raw" name="icudtl" id="0x7f060002" />
<public type="raw" name="launch_screen_api" id="0x7f060003" />
<public type="raw" name="messaging_api" id="0x7f060004" />
<public type="raw" name="presentation_api" id="0x7f060005" />
<public type="raw" name="xwalk" id="0x7f060006" />
<public type="string" name="abc_action_bar_home_description" id="0x7f070000" />
<public type="string" name="abc_action_bar_home_description_format" id="0x7f070001" />
<public type="string" name="abc_action_bar_home_subtitle_description_format" id="0x7f070002" />
<public type="string" name="abc_action_bar_up_description" id="0x7f070003" />
<public type="string" name="abc_action_menu_overflow_description" id="0x7f070004" />
<public type="string" name="abc_action_mode_done" id="0x7f070005" />
<public type="string" name="abc_activity_chooser_view_see_all" id="0x7f070006" />
<public type="string" name="abc_activitychooserview_choose_application" id="0x7f070007" />
<public type="string" name="abc_capital_off" id="0x7f070008" />
<public type="string" name="abc_capital_on" id="0x7f070009" />
<public type="string" name="abc_search_hint" id="0x7f07000a" />
<public type="string" name="abc_searchview_description_clear" id="0x7f07000b" />
<public type="string" name="abc_searchview_description_query" id="0x7f07000c" />
<public type="string" name="abc_searchview_description_search" id="0x7f07000d" />
<public type="string" name="abc_searchview_description_submit" id="0x7f07000e" />
<public type="string" name="abc_searchview_description_voice" id="0x7f07000f" />
<public type="string" name="abc_shareactionprovider_share_with" id="0x7f070010" />
<public type="string" name="abc_shareactionprovider_share_with_application" id="0x7f070011" />
<public type="string" name="abc_toolbar_collapse_description" id="0x7f070012" />
<public type="string" name="common_google_play_services_enable_button" id="0x7f070013" />
<public type="string" name="common_google_play_services_enable_text" id="0x7f070014" />
<public type="string" name="common_google_play_services_enable_title" id="0x7f070015" />
<public type="string" name="common_google_play_services_install_button" id="0x7f070016" />
<public type="string" name="common_google_play_services_install_text_phone" id="0x7f070017" />
<public type="string" name="common_google_play_services_install_text_tablet" id="0x7f070018" />
<public type="string" name="common_google_play_services_install_title" id="0x7f070019" />
<public type="string" name="common_google_play_services_notification_ticker" id="0x7f07001a" />
<public type="string" name="common_google_play_services_unknown_issue" id="0x7f07001b" />
<public type="string" name="common_google_play_services_unsupported_text" id="0x7f07001c" />
<public type="string" name="common_google_play_services_unsupported_title" id="0x7f07001d" />
<public type="string" name="common_google_play_services_update_button" id="0x7f07001e" />
<public type="string" name="common_google_play_services_update_text" id="0x7f07001f" />
<public type="string" name="common_google_play_services_update_title" id="0x7f070020" />
<public type="string" name="common_google_play_services_updating_text" id="0x7f070021" />
<public type="string" name="common_google_play_services_updating_title" id="0x7f070022" />
<public type="string" name="common_google_play_services_wear_update_text" id="0x7f070023" />
<public type="string" name="common_open_on_phone" id="0x7f070024" />
<public type="string" name="common_signin_button_text" id="0x7f070025" />
<public type="string" name="common_signin_button_text_long" id="0x7f070026" />
<public type="string" name="status_bar_notification_info_overflow" id="0x7f070027" />
<public type="string" name="accessibility_date_picker_month" id="0x7f070028" />
<public type="string" name="accessibility_date_picker_week" id="0x7f070029" />
<public type="string" name="accessibility_date_picker_year" id="0x7f07002a" />
<public type="string" name="accessibility_datetime_picker_date" id="0x7f07002b" />
<public type="string" name="accessibility_datetime_picker_time" id="0x7f07002c" />
<public type="string" name="accessibility_time_picker_ampm" id="0x7f07002d" />
<public type="string" name="accessibility_time_picker_hour" id="0x7f07002e" />
<public type="string" name="accessibility_time_picker_milli" id="0x7f07002f" />
<public type="string" name="accessibility_time_picker_minute" id="0x7f070030" />
<public type="string" name="accessibility_time_picker_second" id="0x7f070031" />
<public type="string" name="actionbar_share" id="0x7f070032" />
<public type="string" name="actionbar_web_search" id="0x7f070033" />
<public type="string" name="autofill_popup_content_description" id="0x7f070034" />
<public type="string" name="color_picker_button_black" id="0x7f070035" />
<public type="string" name="color_picker_button_blue" id="0x7f070036" />
<public type="string" name="color_picker_button_cancel" id="0x7f070037" />
<public type="string" name="color_picker_button_cyan" id="0x7f070038" />
<public type="string" name="color_picker_button_green" id="0x7f070039" />
<public type="string" name="color_picker_button_magenta" id="0x7f07003a" />
<public type="string" name="color_picker_button_more" id="0x7f07003b" />
<public type="string" name="color_picker_button_red" id="0x7f07003c" />
<public type="string" name="color_picker_button_set" id="0x7f07003d" />
<public type="string" name="color_picker_button_white" id="0x7f07003e" />
<public type="string" name="color_picker_button_yellow" id="0x7f07003f" />
<public type="string" name="color_picker_dialog_title" id="0x7f070040" />
<public type="string" name="color_picker_hue" id="0x7f070041" />
<public type="string" name="color_picker_saturation" id="0x7f070042" />
<public type="string" name="color_picker_value" id="0x7f070043" />
<public type="string" name="copy_to_clipboard_failure_message" id="0x7f070044" />
<public type="string" name="date_picker_dialog_clear" id="0x7f070045" />
<public type="string" name="date_picker_dialog_other_button_label" id="0x7f070046" />
<public type="string" name="date_picker_dialog_set" id="0x7f070047" />
<public type="string" name="date_picker_dialog_title" id="0x7f070048" />
<public type="string" name="date_time_picker_dialog_title" id="0x7f070049" />
<public type="string" name="low_memory_error" id="0x7f07004a" />
<public type="string" name="media_player_error_button" id="0x7f07004b" />
<public type="string" name="media_player_error_text_invalid_progressive_playback" id="0x7f07004c" />
<public type="string" name="media_player_error_text_unknown" id="0x7f07004d" />
<public type="string" name="media_player_error_title" id="0x7f07004e" />
<public type="string" name="media_player_loading_video" id="0x7f07004f" />
<public type="string" name="month_picker_dialog_title" id="0x7f070050" />
<public type="string" name="opening_file_error" id="0x7f070051" />
<public type="string" name="password_generation_popup_content_description" id="0x7f070052" />
<public type="string" name="profiler_error_toast" id="0x7f070053" />
<public type="string" name="profiler_no_storage_toast" id="0x7f070054" />
<public type="string" name="profiler_started_toast" id="0x7f070055" />
<public type="string" name="profiler_stopped_toast" id="0x7f070056" />
<public type="string" name="time_picker_dialog_am" id="0x7f070057" />
<public type="string" name="time_picker_dialog_hour_minute_separator" id="0x7f070058" />
<public type="string" name="time_picker_dialog_minute_second_separator" id="0x7f070059" />
<public type="string" name="time_picker_dialog_pm" id="0x7f07005a" />
<public type="string" name="time_picker_dialog_second_subsecond_separator" id="0x7f07005b" />
<public type="string" name="time_picker_dialog_title" id="0x7f07005c" />
<public type="string" name="week_picker_dialog_title" id="0x7f07005d" />
<public type="string" name="accept" id="0x7f07005e" />
<public type="string" name="activity_name" id="0x7f07005f" />
<public type="string" name="app_name" id="0x7f070060" />
<public type="string" name="create_calendar_message" id="0x7f070061" />
<public type="string" name="create_calendar_title" id="0x7f070062" />
<public type="string" name="crosswalk_install_title" id="0x7f070063" />
<public type="string" name="debug_menu_ad_information" id="0x7f070064" />
<public type="string" name="debug_menu_creative_preview" id="0x7f070065" />
<public type="string" name="debug_menu_title" id="0x7f070066" />
<public type="string" name="debug_menu_troubleshooting" id="0x7f070067" />
<public type="string" name="decline" id="0x7f070068" />
<public type="string" name="discard" id="0x7f070069" />
<public type="string" name="done" id="0x7f07006a" />
<public type="string" name="download_already_exists_toast" id="0x7f07006b" />
<public type="string" name="download_failed_device_not_found" id="0x7f07006c" />
<public type="string" name="download_failed_insufficient_space" id="0x7f07006d" />
<public type="string" name="download_failed_message" id="0x7f07006e" />
<public type="string" name="download_failed_time_out" id="0x7f07006f" />
<public type="string" name="download_failed_toast" id="0x7f070070" />
<public type="string" name="download_finished_toast" id="0x7f070071" />
<public type="string" name="download_no_permission_toast" id="0x7f070072" />
<public type="string" name="download_progress_message" id="0x7f070073" />
<public type="string" name="download_start_toast" id="0x7f070074" />
<public type="string" name="error_database" id="0x7f070075" />
<public type="string" name="free_version_label" id="0x7f070076" />
<public type="string" name="google_app_id" id="0x7f070077" />
<public type="string" name="http_auth_log_in" id="0x7f070078" />
<public type="string" name="http_auth_password" id="0x7f070079" />
<public type="string" name="http_auth_title" id="0x7f07007a" />
<public type="string" name="http_auth_user_name" id="0x7f07007b" />
<public type="string" name="js_alert_title" id="0x7f07007c" />
<public type="string" name="js_confirm_title" id="0x7f07007d" />
<public type="string" name="js_prompt_title" id="0x7f07007e" />
<public type="string" name="launcher_name" id="0x7f07007f" />
<public type="string" name="market_open_failed_message" id="0x7f070080" />
<public type="string" name="multi_app_name" id="0x7f070081" />
<public type="string" name="requesting_thumbnails" id="0x7f070082" />
<public type="string" name="ssl_alert_title" id="0x7f070083" />
<public type="string" name="startup_architecture_mismatch_message" id="0x7f070084" />
<public type="string" name="startup_architecture_mismatch_title" id="0x7f070085" />
<public type="string" name="startup_newer_version_message" id="0x7f070086" />
<public type="string" name="startup_newer_version_title" id="0x7f070087" />
<public type="string" name="startup_not_found_message" id="0x7f070088" />
<public type="string" name="startup_not_found_title" id="0x7f070089" />
<public type="string" name="startup_older_version_message" id="0x7f07008a" />
<public type="string" name="startup_older_version_title" id="0x7f07008b" />
<public type="string" name="startup_signature_check_error_message" id="0x7f07008c" />
<public type="string" name="startup_signature_check_error_title" id="0x7f07008d" />
<public type="string" name="store_picture_message" id="0x7f07008e" />
<public type="string" name="store_picture_title" id="0x7f07008f" />
<public type="string" name="xwalk_cancel" id="0x7f070090" />
<public type="string" name="xwalk_close" id="0x7f070091" />
<public type="string" name="xwalk_continue" id="0x7f070092" />
<public type="string" name="xwalk_get_crosswalk" id="0x7f070093" />
<public type="string" name="xwalk_retry" id="0x7f070094" />
<public type="bool" name="abc_allow_stacked_button_bar" id="0x7f080000" />
<public type="bool" name="abc_action_bar_embed_tabs_pre_jb" id="0x7f080001" />
<public type="bool" name="abc_config_allowActionMenuItemTextWithIcon" id="0x7f080002" />
<public type="bool" name="abc_action_bar_embed_tabs" id="0x7f080003" />
<public type="bool" name="abc_action_bar_expanded_action_views_exclusive" id="0x7f080004" />
<public type="bool" name="abc_config_actionMenuItemAllCaps" id="0x7f080005" />
<public type="bool" name="abc_config_closeDialogWhenTouchOutside" id="0x7f080006" />
<public type="bool" name="abc_config_showMenuShortcutsWhenKeyboardPresent" id="0x7f080007" />
<public type="dimen" name="abc_alert_dialog_button_bar_height" id="0x7f090000" />
<public type="dimen" name="abc_action_bar_default_height_material" id="0x7f090001" />
<public type="dimen" name="abc_action_bar_progress_bar_size" id="0x7f090002" />
<public type="dimen" name="abc_text_size_subtitle_material_toolbar" id="0x7f090003" />
<public type="dimen" name="abc_text_size_title_material_toolbar" id="0x7f090004" />
<public type="dimen" name="abc_config_prefDialogWidth" id="0x7f090005" />
<public type="dimen" name="abc_dialog_fixed_height_major" id="0x7f090006" />
<public type="dimen" name="abc_dialog_fixed_height_minor" id="0x7f090007" />
<public type="dimen" name="abc_dialog_fixed_width_major" id="0x7f090008" />
<public type="dimen" name="abc_dialog_fixed_width_minor" id="0x7f090009" />
<public type="dimen" name="abc_dialog_min_width_major" id="0x7f09000a" />
<public type="dimen" name="abc_dialog_min_width_minor" id="0x7f09000b" />
<public type="dimen" name="abc_search_view_text_min_width" id="0x7f09000c" />
<public type="dimen" name="abc_action_bar_content_inset_material" id="0x7f09000d" />
<public type="dimen" name="abc_action_bar_default_padding_end_material" id="0x7f09000e" />
<public type="dimen" name="abc_action_bar_default_padding_start_material" id="0x7f09000f" />
<public type="dimen" name="abc_switch_padding" id="0x7f090010" />
<public type="dimen" name="abc_action_bar_icon_vertical_padding_material" id="0x7f090011" />
<public type="dimen" name="abc_action_bar_overflow_padding_end_material" id="0x7f090012" />
<public type="dimen" name="abc_action_bar_overflow_padding_start_material" id="0x7f090013" />
<public type="dimen" name="abc_action_bar_stacked_max_height" id="0x7f090014" />
<public type="dimen" name="abc_action_bar_stacked_tab_max_width" id="0x7f090015" />
<public type="dimen" name="abc_action_bar_subtitle_bottom_margin_material" id="0x7f090016" />
<public type="dimen" name="abc_action_bar_subtitle_top_margin_material" id="0x7f090017" />
<public type="dimen" name="abc_action_button_min_height_material" id="0x7f090018" />
<public type="dimen" name="abc_action_button_min_width_material" id="0x7f090019" />
<public type="dimen" name="abc_action_button_min_width_overflow_material" id="0x7f09001a" />
<public type="dimen" name="abc_button_inset_horizontal_material" id="0x7f09001b" />
<public type="dimen" name="abc_button_inset_vertical_material" id="0x7f09001c" />
<public type="dimen" name="abc_button_padding_horizontal_material" id="0x7f09001d" />
<public type="dimen" name="abc_button_padding_vertical_material" id="0x7f09001e" />
<public type="dimen" name="abc_control_corner_material" id="0x7f09001f" />
<public type="dimen" name="abc_control_inset_material" id="0x7f090020" />
<public type="dimen" name="abc_control_padding_material" id="0x7f090021" />
<public type="dimen" name="abc_dialog_list_padding_vertical_material" id="0x7f090022" />
<public type="dimen" name="abc_dialog_padding_material" id="0x7f090023" />
<public type="dimen" name="abc_dialog_padding_top_material" id="0x7f090024" />
<public type="dimen" name="abc_disabled_alpha_material_dark" id="0x7f090025" />
<public type="dimen" name="abc_disabled_alpha_material_light" id="0x7f090026" />
<public type="dimen" name="abc_dropdownitem_icon_width" id="0x7f090027" />
<public type="dimen" name="abc_dropdownitem_text_padding_left" id="0x7f090028" />
<public type="dimen" name="abc_dropdownitem_text_padding_right" id="0x7f090029" />
<public type="dimen" name="abc_edit_text_inset_bottom_material" id="0x7f09002a" />
<public type="dimen" name="abc_edit_text_inset_horizontal_material" id="0x7f09002b" />
<public type="dimen" name="abc_edit_text_inset_top_material" id="0x7f09002c" />
<public type="dimen" name="abc_floating_window_z" id="0x7f09002d" />
<public type="dimen" name="abc_list_item_padding_horizontal_material" id="0x7f09002e" />
<public type="dimen" name="abc_panel_menu_list_width" id="0x7f09002f" />
<public type="dimen" name="abc_search_view_preferred_width" id="0x7f090030" />
<public type="dimen" name="abc_seekbar_track_background_height_material" id="0x7f090031" />
<public type="dimen" name="abc_seekbar_track_progress_height_material" id="0x7f090032" />
<public type="dimen" name="abc_select_dialog_padding_start_material" id="0x7f090033" />
<public type="dimen" name="abc_text_size_body_1_material" id="0x7f090034" />
<public type="dimen" name="abc_text_size_body_2_material" id="0x7f090035" />
<public type="dimen" name="abc_text_size_button_material" id="0x7f090036" />
<public type="dimen" name="abc_text_size_caption_material" id="0x7f090037" />
<public type="dimen" name="abc_text_size_display_1_material" id="0x7f090038" />
<public type="dimen" name="abc_text_size_display_2_material" id="0x7f090039" />
<public type="dimen" name="abc_text_size_display_3_material" id="0x7f09003a" />
<public type="dimen" name="abc_text_size_display_4_material" id="0x7f09003b" />
<public type="dimen" name="abc_text_size_headline_material" id="0x7f09003c" />
<public type="dimen" name="abc_text_size_large_material" id="0x7f09003d" />
<public type="dimen" name="abc_text_size_medium_material" id="0x7f09003e" />
<public type="dimen" name="abc_text_size_menu_material" id="0x7f09003f" />
<public type="dimen" name="abc_text_size_small_material" id="0x7f090040" />
<public type="dimen" name="abc_text_size_subhead_material" id="0x7f090041" />
<public type="dimen" name="abc_text_size_title_material" id="0x7f090042" />
<public type="dimen" name="color_button_height" id="0x7f090043" />
<public type="dimen" name="color_picker_gradient_margin" id="0x7f090044" />
<public type="dimen" name="config_min_scaling_span" id="0x7f090045" />
<public type="dimen" name="config_min_scaling_touch_major" id="0x7f090046" />
<public type="dimen" name="disabled_alpha_material_dark" id="0x7f090047" />
<public type="dimen" name="disabled_alpha_material_light" id="0x7f090048" />
<public type="dimen" name="dropdown_item_divider_height" id="0x7f090049" />
<public type="dimen" name="dropdown_item_height" id="0x7f09004a" />
<public type="dimen" name="highlight_alpha_material_colored" id="0x7f09004b" />
<public type="dimen" name="highlight_alpha_material_dark" id="0x7f09004c" />
<public type="dimen" name="highlight_alpha_material_light" id="0x7f09004d" />
<public type="dimen" name="link_preview_overlay_radius" id="0x7f09004e" />
<public type="dimen" name="notification_large_icon_height" id="0x7f09004f" />
<public type="dimen" name="notification_large_icon_width" id="0x7f090050" />
<public type="dimen" name="notification_subtext_size" id="0x7f090051" />
<public type="style" name="Base.Widget.AppCompat.DrawerArrowToggle" id="0x7f0a0000" />
<public type="style" name="Base.Theme.AppCompat.DialogWhenLarge" id="0x7f0a0001" />
<public type="style" name="Base.Theme.AppCompat.Light.DialogWhenLarge" id="0x7f0a0002" />
<public type="style" name="Base.Widget.AppCompat.Spinner.Underlined" id="0x7f0a0003" />
<public type="style" name="Theme.AppCompat.DayNight" id="0x7f0a0004" />
<public type="style" name="Theme.AppCompat.DayNight.DarkActionBar" id="0x7f0a0005" />
<public type="style" name="Theme.AppCompat.DayNight.Dialog" id="0x7f0a0006" />
<public type="style" name="Theme.AppCompat.DayNight.Dialog.Alert" id="0x7f0a0007" />
<public type="style" name="Theme.AppCompat.DayNight.Dialog.MinWidth" id="0x7f0a0008" />
<public type="style" name="Theme.AppCompat.DayNight.DialogWhenLarge" id="0x7f0a0009" />
<public type="style" name="Theme.AppCompat.DayNight.NoActionBar" id="0x7f0a000a" />
<public type="style" name="Base.TextAppearance.AppCompat.Inverse" id="0x7f0a000b" />
<public type="style" name="Base.TextAppearance.AppCompat.Large.Inverse" id="0x7f0a000c" />
<public type="style" name="Base.TextAppearance.AppCompat.Medium.Inverse" id="0x7f0a000d" />
<public type="style" name="Base.TextAppearance.AppCompat.Small.Inverse" id="0x7f0a000e" />
<public type="style" name="Base.TextAppearance.AppCompat.Subhead.Inverse" id="0x7f0a000f" />
<public type="style" name="Base.TextAppearance.AppCompat.Title.Inverse" id="0x7f0a0010" />
<public type="style" name="Base.Theme.AppCompat.Dialog" id="0x7f0a0011" />
<public type="style" name="Base.Theme.AppCompat.Light.Dialog" id="0x7f0a0012" />
<public type="style" name="Base.Widget.AppCompat.ProgressBar" id="0x7f0a0015" />
<public type="style" name="Base.Widget.AppCompat.ProgressBar.Horizontal" id="0x7f0a0016" />
<public type="style" name="Platform.AppCompat" id="0x7f0a0017" />
<public type="style" name="Platform.AppCompat.Light" id="0x7f0a0018" />
<public type="style" name="Platform.Widget.AppCompat.Spinner" id="0x7f0a001b" />
<public type="style" name="Base.Widget.AppCompat.AutoCompleteTextView" id="0x7f0a001e" />
<public type="style" name="Base.Widget.AppCompat.EditText" id="0x7f0a001f" />
<public type="style" name="Base.TextAppearance.AppCompat.Button" id="0x7f0a0020" />
<public type="style" name="TextAppearance.StatusBar.EventContent" id="0x7f0a0023" />
<public type="style" name="TextAppearance.StatusBar.EventContent.Info" id="0x7f0a0024" />
<public type="style" name="TextAppearance.StatusBar.EventContent.Line2" id="0x7f0a0025" />
<public type="style" name="TextAppearance.StatusBar.EventContent.Time" id="0x7f0a0026" />
<public type="style" name="TextAppearance.StatusBar.EventContent.Title" id="0x7f0a0027" />
<public type="style" name="DropdownPopupWindow" id="0x7f0a0028" />
<public type="style" name="RtlOverlay.DialogWindowTitle.AppCompat" id="0x7f0a0029" />
<public type="style" name="RtlOverlay.Widget.AppCompat.ActionBar.TitleItem" id="0x7f0a002a" />
<public type="style" name="RtlOverlay.Widget.AppCompat.DialogTitle.Icon" id="0x7f0a002b" />
<public type="style" name="RtlOverlay.Widget.AppCompat.PopupMenuItem" id="0x7f0a002c" />
<public type="style" name="RtlOverlay.Widget.AppCompat.PopupMenuItem.InternalGroup" id="0x7f0a002d" />
<public type="style" name="RtlOverlay.Widget.AppCompat.PopupMenuItem.Text" id="0x7f0a002e" />
<public type="style" name="RtlOverlay.Widget.AppCompat.Search.DropDown" id="0x7f0a002f" />
<public type="style" name="RtlOverlay.Widget.AppCompat.Search.DropDown.Icon1" id="0x7f0a0030" />
<public type="style" name="RtlOverlay.Widget.AppCompat.Search.DropDown.Icon2" id="0x7f0a0031" />
<public type="style" name="RtlOverlay.Widget.AppCompat.Search.DropDown.Query" id="0x7f0a0032" />
<public type="style" name="RtlOverlay.Widget.AppCompat.Search.DropDown.Text" id="0x7f0a0033" />
<public type="style" name="RtlOverlay.Widget.AppCompat.SearchView.MagIcon" id="0x7f0a0034" />
<public type="style" name="RtlUnderlay.Widget.AppCompat.ActionButton" id="0x7f0a0035" />
<public type="style" name="RtlUnderlay.Widget.AppCompat.ActionButton.Overflow" id="0x7f0a0036" />
<public type="style" name="SelectActionMenuShare" id="0x7f0a0037" />
<public type="style" name="SelectActionMenuWebSearch" id="0x7f0a0038" />
<public type="style" name="SelectPopupDialog" id="0x7f0a0039" />
<public type="style" name="Base.TextAppearance.AppCompat" id="0x7f0a003a" />
<public type="style" name="Base.TextAppearance.AppCompat.Body1" id="0x7f0a003b" />
<public type="style" name="Base.TextAppearance.AppCompat.Body2" id="0x7f0a003c" />
<public type="style" name="Base.TextAppearance.AppCompat.Caption" id="0x7f0a003d" />
<public type="style" name="Base.TextAppearance.AppCompat.Display1" id="0x7f0a003e" />
<public type="style" name="Base.TextAppearance.AppCompat.Display2" id="0x7f0a003f" />
<public type="style" name="Base.TextAppearance.AppCompat.Display3" id="0x7f0a0040" />
<public type="style" name="Base.TextAppearance.AppCompat.Display4" id="0x7f0a0041" />
<public type="style" name="Base.TextAppearance.AppCompat.Headline" id="0x7f0a0042" />
<public type="style" name="Base.TextAppearance.AppCompat.Large" id="0x7f0a0043" />
<public type="style" name="Base.TextAppearance.AppCompat.Light.Widget.PopupMenu.Large" id="0x7f0a0044" />
<public type="style" name="Base.TextAppearance.AppCompat.Light.Widget.PopupMenu.Small" id="0x7f0a0045" />
<public type="style" name="Base.TextAppearance.AppCompat.Medium" id="0x7f0a0046" />
<public type="style" name="Base.TextAppearance.AppCompat.Menu" id="0x7f0a0047" />
<public type="style" name="Base.TextAppearance.AppCompat.SearchResult.Subtitle" id="0x7f0a0048" />
<public type="style" name="Base.TextAppearance.AppCompat.SearchResult.Title" id="0x7f0a0049" />
<public type="style" name="Base.TextAppearance.AppCompat.Small" id="0x7f0a004a" />
<public type="style" name="Base.TextAppearance.AppCompat.Subhead" id="0x7f0a004b" />
<public type="style" name="Base.TextAppearance.AppCompat.Title" id="0x7f0a004c" />
<public type="style" name="Base.TextAppearance.AppCompat.Widget.ActionBar.Subtitle" id="0x7f0a004d" />
<public type="style" name="Base.TextAppearance.AppCompat.Widget.ActionBar.Subtitle.Inverse" id="0x7f0a004e" />
<public type="style" name="Base.TextAppearance.AppCompat.Widget.ActionBar.Title" id="0x7f0a004f" />
<public type="style" name="Base.TextAppearance.AppCompat.Widget.ActionBar.Title.Inverse" id="0x7f0a0050" />
<public type="style" name="Base.TextAppearance.AppCompat.Widget.ActionMode.Subtitle" id="0x7f0a0051" />
<public type="style" name="Base.TextAppearance.AppCompat.Widget.ActionMode.Title" id="0x7f0a0052" />
<public type="style" name="Base.TextAppearance.AppCompat.Widget.Button" id="0x7f0a0053" />
<public type="style" name="Base.TextAppearance.AppCompat.Widget.PopupMenu.Large" id="0x7f0a0054" />
<public type="style" name="Base.TextAppearance.AppCompat.Widget.PopupMenu.Small" id="0x7f0a0055" />
<public type="style" name="Base.TextAppearance.AppCompat.Widget.Switch" id="0x7f0a0056" />
<public type="style" name="Base.TextAppearance.AppCompat.Widget.TextView.SpinnerItem" id="0x7f0a0057" />
<public type="style" name="Base.TextAppearance.Widget.AppCompat.Toolbar.Subtitle" id="0x7f0a0058" />
<public type="style" name="Base.TextAppearance.Widget.AppCompat.Toolbar.Title" id="0x7f0a0059" />
<public type="style" name="Base.Theme.AppCompat" id="0x7f0a005a" />
<public type="style" name="Base.Theme.AppCompat.Light" id="0x7f0a005b" />
<public type="style" name="Base.Widget.AppCompat.ActionBar.TabText" id="0x7f0a0060" />
<public type="style" name="Base.Widget.AppCompat.ActionBar.TabView" id="0x7f0a0061" />
<public type="style" name="Base.Widget.AppCompat.ActionButton" id="0x7f0a0062" />
<public type="style" name="Base.Widget.AppCompat.ActionButton.CloseMode" id="0x7f0a0063" />
<public type="style" name="Base.Widget.AppCompat.ActionButton.Overflow" id="0x7f0a0064" />
<public type="style" name="Base.Widget.AppCompat.Button" id="0x7f0a0065" />
<public type="style" name="Base.Widget.AppCompat.Button.Borderless" id="0x7f0a0066" />
<public type="style" name="Base.Widget.AppCompat.Button.Borderless.Colored" id="0x7f0a0067" />
<public type="style" name="Base.Widget.AppCompat.Button.Small" id="0x7f0a0068" />
<public type="style" name="Base.Widget.AppCompat.ButtonBar" id="0x7f0a0069" />
<public type="style" name="Base.Widget.AppCompat.CompoundButton.CheckBox" id="0x7f0a006a" />
<public type="style" name="Base.Widget.AppCompat.CompoundButton.RadioButton" id="0x7f0a006b" />
<public type="style" name="Base.Widget.AppCompat.DropDownItem.Spinner" id="0x7f0a006c" />
<public type="style" name="Base.Widget.AppCompat.ImageButton" id="0x7f0a006d" />
<public type="style" name="Base.Widget.AppCompat.Light.ActionBar.TabText" id="0x7f0a006e" />
<public type="style" name="Base.Widget.AppCompat.Light.ActionBar.TabText.Inverse" id="0x7f0a006f" />
<public type="style" name="Base.Widget.AppCompat.Light.ActionBar.TabView" id="0x7f0a0070" />
<public type="style" name="Base.Widget.AppCompat.Light.PopupMenu" id="0x7f0a0071" />
<public type="style" name="Base.Widget.AppCompat.Light.PopupMenu.Overflow" id="0x7f0a0072" />
<public type="style" name="Base.Widget.AppCompat.ListPopupWindow" id="0x7f0a0073" />
<public type="style" name="Base.Widget.AppCompat.ListView" id="0x7f0a0074" />
<public type="style" name="Base.Widget.AppCompat.ListView.DropDown" id="0x7f0a0075" />
<public type="style" name="Base.Widget.AppCompat.ListView.Menu" id="0x7f0a0076" />
<public type="style" name="Base.Widget.AppCompat.PopupMenu" id="0x7f0a0077" />
<public type="style" name="Base.Widget.AppCompat.PopupMenu.Overflow" id="0x7f0a0078" />
<public type="style" name="Base.Widget.AppCompat.RatingBar" id="0x7f0a0079" />
<public type="style" name="Base.Widget.AppCompat.SeekBar" id="0x7f0a007a" />
<public type="style" name="Base.Widget.AppCompat.Spinner" id="0x7f0a007b" />
<public type="style" name="Base.Widget.AppCompat.TextView.SpinnerItem" id="0x7f0a007c" />
<public type="style" name="Base.Widget.AppCompat.Toolbar.Button.Navigation" id="0x7f0a007d" />
<public type="style" name="Platform.ThemeOverlay.AppCompat" id="0x7f0a007e" />
<public type="style" name="Platform.ThemeOverlay.AppCompat.Dark" id="0x7f0a007f" />
<public type="style" name="Platform.ThemeOverlay.AppCompat.Light" id="0x7f0a0080" />
<public type="style" name="Base.TextAppearance.AppCompat.Widget.ActionBar.Menu" id="0x7f0a0083" />
<public type="style" name="Base.TextAppearance.AppCompat.Widget.Button.Inverse" id="0x7f0a0084" />
<public type="style" name="Base.Widget.AppCompat.Button.Colored" id="0x7f0a0087" />
<public type="style" name="Base.Widget.AppCompat.RatingBar.Indicator" id="0x7f0a0088" />
<public type="style" name="Base.Widget.AppCompat.RatingBar.Small" id="0x7f0a0089" />
<public type="style" name="AlertDialog.AppCompat" id="0x7f0a008a" />
<public type="style" name="AlertDialog.AppCompat.Light" id="0x7f0a008b" />
<public type="style" name="Animation.AppCompat.Dialog" id="0x7f0a008c" />
<public type="style" name="Animation.AppCompat.DropDownUp" id="0x7f0a008d" />
<public type="style" name="Base.AlertDialog.AppCompat" id="0x7f0a008e" />
<public type="style" name="Base.AlertDialog.AppCompat.Light" id="0x7f0a008f" />
<public type="style" name="Base.Animation.AppCompat.Dialog" id="0x7f0a0090" />
<public type="style" name="Base.Animation.AppCompat.DropDownUp" id="0x7f0a0091" />
<public type="style" name="Base.DialogWindowTitle.AppCompat" id="0x7f0a0092" />
<public type="style" name="Base.DialogWindowTitleBackground.AppCompat" id="0x7f0a0093" />
<public type="style" name="Base.TextAppearance.AppCompat.SearchResult" id="0x7f0a0094" />
<public type="style" name="Base.TextAppearance.AppCompat.Widget.DropDownItem" id="0x7f0a0095" />
<public type="style" name="Base.TextAppearance.Widget.AppCompat.ExpandedMenu.Item" id="0x7f0a0096" />
<public type="style" name="Base.Theme.AppCompat.CompactMenu" id="0x7f0a0097" />
<public type="style" name="Base.Theme.AppCompat.Dialog.Alert" id="0x7f0a0098" />
<public type="style" name="Base.Theme.AppCompat.Dialog.FixedSize" id="0x7f0a0099" />
<public type="style" name="Base.Theme.AppCompat.Dialog.MinWidth" id="0x7f0a009a" />
<public type="style" name="Base.Theme.AppCompat.Light.DarkActionBar" id="0x7f0a009b" />
<public type="style" name="Base.Theme.AppCompat.Light.Dialog.Alert" id="0x7f0a009c" />
<public type="style" name="Base.Theme.AppCompat.Light.Dialog.FixedSize" id="0x7f0a009d" />
<public type="style" name="Base.Theme.AppCompat.Light.Dialog.MinWidth" id="0x7f0a009e" />
<public type="style" name="Base.ThemeOverlay.AppCompat" id="0x7f0a009f" />
<public type="style" name="Base.ThemeOverlay.AppCompat.ActionBar" id="0x7f0a00a0" />
<public type="style" name="Base.ThemeOverlay.AppCompat.Dark" id="0x7f0a00a1" />
<public type="style" name="Base.ThemeOverlay.AppCompat.Dark.ActionBar" id="0x7f0a00a2" />
<public type="style" name="Base.ThemeOverlay.AppCompat.Light" id="0x7f0a00a3" />
<public type="style" name="Base.V7.Theme.AppCompat" id="0x7f0a00a4" />
<public type="style" name="Base.V7.Theme.AppCompat.Dialog" id="0x7f0a00a5" />
<public type="style" name="Base.V7.Theme.AppCompat.Light" id="0x7f0a00a6" />
<public type="style" name="Base.V7.Theme.AppCompat.Light.Dialog" id="0x7f0a00a7" />
<public type="style" name="Base.V7.Widget.AppCompat.AutoCompleteTextView" id="0x7f0a00a8" />
<public type="style" name="Base.V7.Widget.AppCompat.EditText" id="0x7f0a00a9" />
<public type="style" name="Base.Widget.AppCompat.ActionBar" id="0x7f0a00aa" />
<public type="style" name="Base.Widget.AppCompat.ActionBar.Solid" id="0x7f0a00ab" />
<public type="style" name="Base.Widget.AppCompat.ActionBar.TabBar" id="0x7f0a00ac" />
<public type="style" name="Base.Widget.AppCompat.ActionMode" id="0x7f0a00ad" />
<public type="style" name="Base.Widget.AppCompat.ActivityChooserView" id="0x7f0a00ae" />
<public type="style" name="Base.Widget.AppCompat.Button.ButtonBar.AlertDialog" id="0x7f0a00af" />
<public type="style" name="Base.Widget.AppCompat.ButtonBar.AlertDialog" id="0x7f0a00b0" />
<public type="style" name="Base.Widget.AppCompat.CompoundButton.Switch" id="0x7f0a00b1" />
<public type="style" name="Base.Widget.AppCompat.DrawerArrowToggle.Common" id="0x7f0a00b2" />
<public type="style" name="Base.Widget.AppCompat.Light.ActionBar" id="0x7f0a00b3" />
<public type="style" name="Base.Widget.AppCompat.Light.ActionBar.Solid" id="0x7f0a00b4" />
<public type="style" name="Base.Widget.AppCompat.Light.ActionBar.TabBar" id="0x7f0a00b5" />
<public type="style" name="Base.Widget.AppCompat.PopupWindow" id="0x7f0a00b6" />
<public type="style" name="Base.Widget.AppCompat.SearchView" id="0x7f0a00b7" />
<public type="style" name="Base.Widget.AppCompat.SearchView.ActionBar" id="0x7f0a00b8" />
<public type="style" name="Base.Widget.AppCompat.Toolbar" id="0x7f0a00b9" />
<public type="style" name="MyTheme" id="0x7f0a00ba" />
<public type="style" name="TextAppearance.AppCompat" id="0x7f0a00bb" />
<public type="style" name="TextAppearance.AppCompat.Body1" id="0x7f0a00bc" />
<public type="style" name="TextAppearance.AppCompat.Body2" id="0x7f0a00bd" />
<public type="style" name="TextAppearance.AppCompat.Button" id="0x7f0a00be" />
<public type="style" name="TextAppearance.AppCompat.Caption" id="0x7f0a00bf" />
<public type="style" name="TextAppearance.AppCompat.Display1" id="0x7f0a00c0" />
<public type="style" name="TextAppearance.AppCompat.Display2" id="0x7f0a00c1" />
<public type="style" name="TextAppearance.AppCompat.Display3" id="0x7f0a00c2" />
<public type="style" name="TextAppearance.AppCompat.Display4" id="0x7f0a00c3" />
<public type="style" name="TextAppearance.AppCompat.Headline" id="0x7f0a00c4" />
<public type="style" name="TextAppearance.AppCompat.Inverse" id="0x7f0a00c5" />
<public type="style" name="TextAppearance.AppCompat.Large" id="0x7f0a00c6" />
<public type="style" name="TextAppearance.AppCompat.Large.Inverse" id="0x7f0a00c7" />
<public type="style" name="TextAppearance.AppCompat.Light.SearchResult.Subtitle" id="0x7f0a00c8" />
<public type="style" name="TextAppearance.AppCompat.Light.SearchResult.Title" id="0x7f0a00c9" />
<public type="style" name="TextAppearance.AppCompat.Light.Widget.PopupMenu.Large" id="0x7f0a00ca" />
<public type="style" name="TextAppearance.AppCompat.Light.Widget.PopupMenu.Small" id="0x7f0a00cb" />
<public type="style" name="TextAppearance.AppCompat.Medium" id="0x7f0a00cc" />
<public type="style" name="TextAppearance.AppCompat.Medium.Inverse" id="0x7f0a00cd" />
<public type="style" name="TextAppearance.AppCompat.Menu" id="0x7f0a00ce" />
<public type="style" name="TextAppearance.AppCompat.SearchResult.Subtitle" id="0x7f0a00cf" />
<public type="style" name="TextAppearance.AppCompat.SearchResult.Title" id="0x7f0a00d0" />
<public type="style" name="TextAppearance.AppCompat.Small" id="0x7f0a00d1" />
<public type="style" name="TextAppearance.AppCompat.Small.Inverse" id="0x7f0a00d2" />
<public type="style" name="TextAppearance.AppCompat.Subhead" id="0x7f0a00d3" />
<public type="style" name="TextAppearance.AppCompat.Subhead.Inverse" id="0x7f0a00d4" />
<public type="style" name="TextAppearance.AppCompat.Title" id="0x7f0a00d5" />
<public type="style" name="TextAppearance.AppCompat.Title.Inverse" id="0x7f0a00d6" />
<public type="style" name="TextAppearance.AppCompat.Widget.ActionBar.Menu" id="0x7f0a00d7" />
<public type="style" name="TextAppearance.AppCompat.Widget.ActionBar.Subtitle" id="0x7f0a00d8" />
<public type="style" name="TextAppearance.AppCompat.Widget.ActionBar.Subtitle.Inverse" id="0x7f0a00d9" />
<public type="style" name="TextAppearance.AppCompat.Widget.ActionBar.Title" id="0x7f0a00da" />
<public type="style" name="TextAppearance.AppCompat.Widget.ActionBar.Title.Inverse" id="0x7f0a00db" />
<public type="style" name="TextAppearance.AppCompat.Widget.ActionMode.Subtitle" id="0x7f0a00dc" />
<public type="style" name="TextAppearance.AppCompat.Widget.ActionMode.Subtitle.Inverse" id="0x7f0a00dd" />
<public type="style" name="TextAppearance.AppCompat.Widget.ActionMode.Title" id="0x7f0a00de" />
<public type="style" name="TextAppearance.AppCompat.Widget.ActionMode.Title.Inverse" id="0x7f0a00df" />
<public type="style" name="TextAppearance.AppCompat.Widget.Button" id="0x7f0a00e0" />
<public type="style" name="TextAppearance.AppCompat.Widget.Button.Inverse" id="0x7f0a00e1" />
<public type="style" name="TextAppearance.AppCompat.Widget.DropDownItem" id="0x7f0a00e2" />
<public type="style" name="TextAppearance.AppCompat.Widget.PopupMenu.Large" id="0x7f0a00e3" />
<public type="style" name="TextAppearance.AppCompat.Widget.PopupMenu.Small" id="0x7f0a00e4" />
<public type="style" name="TextAppearance.AppCompat.Widget.Switch" id="0x7f0a00e5" />
<public type="style" name="TextAppearance.AppCompat.Widget.TextView.SpinnerItem" id="0x7f0a00e6" />
<public type="style" name="TextAppearance.Widget.AppCompat.ExpandedMenu.Item" id="0x7f0a00e7" />
<public type="style" name="TextAppearance.Widget.AppCompat.Toolbar.Subtitle" id="0x7f0a00e8" />
<public type="style" name="TextAppearance.Widget.AppCompat.Toolbar.Title" id="0x7f0a00e9" />
<public type="style" name="Theme.AppCompat" id="0x7f0a00ea" />
<public type="style" name="Theme.AppCompat.CompactMenu" id="0x7f0a00eb" />
<public type="style" name="Theme.AppCompat.Dialog" id="0x7f0a00ec" />
<public type="style" name="Theme.AppCompat.Dialog.Alert" id="0x7f0a00ed" />
<public type="style" name="Theme.AppCompat.Dialog.MinWidth" id="0x7f0a00ee" />
<public type="style" name="Theme.AppCompat.DialogWhenLarge" id="0x7f0a00ef" />
<public type="style" name="Theme.AppCompat.Light" id="0x7f0a00f0" />
<public type="style" name="Theme.AppCompat.Light.DarkActionBar" id="0x7f0a00f1" />
<public type="style" name="Theme.AppCompat.Light.Dialog" id="0x7f0a00f2" />
<public type="style" name="Theme.AppCompat.Light.Dialog.Alert" id="0x7f0a00f3" />
<public type="style" name="Theme.AppCompat.Light.Dialog.MinWidth" id="0x7f0a00f4" />
<public type="style" name="Theme.AppCompat.Light.DialogWhenLarge" id="0x7f0a00f5" />
<public type="style" name="Theme.AppCompat.Light.NoActionBar" id="0x7f0a00f6" />
<public type="style" name="Theme.AppCompat.NoActionBar" id="0x7f0a00f7" />
<public type="style" name="Theme.IAPTheme" id="0x7f0a00f8" />
<public type="style" name="ThemeOverlay.AppCompat" id="0x7f0a00f9" />
<public type="style" name="ThemeOverlay.AppCompat.ActionBar" id="0x7f0a00fa" />
<public type="style" name="ThemeOverlay.AppCompat.Dark" id="0x7f0a00fb" />
<public type="style" name="ThemeOverlay.AppCompat.Dark.ActionBar" id="0x7f0a00fc" />
<public type="style" name="ThemeOverlay.AppCompat.Light" id="0x7f0a00fd" />
<public type="style" name="Widget.AppCompat.ActionBar" id="0x7f0a00fe" />
<public type="style" name="Widget.AppCompat.ActionBar.Solid" id="0x7f0a00ff" />
<public type="style" name="Widget.AppCompat.ActionBar.TabBar" id="0x7f0a0100" />
<public type="style" name="Widget.AppCompat.ActionBar.TabText" id="0x7f0a0101" />
<public type="style" name="Widget.AppCompat.ActionBar.TabView" id="0x7f0a0102" />
<public type="style" name="Widget.AppCompat.ActionButton" id="0x7f0a0103" />
<public type="style" name="Widget.AppCompat.ActionButton.CloseMode" id="0x7f0a0104" />
<public type="style" name="Widget.AppCompat.ActionButton.Overflow" id="0x7f0a0105" />
<public type="style" name="Widget.AppCompat.ActionMode" id="0x7f0a0106" />
<public type="style" name="Widget.AppCompat.ActivityChooserView" id="0x7f0a0107" />
<public type="style" name="Widget.AppCompat.AutoCompleteTextView" id="0x7f0a0108" />
<public type="style" name="Widget.AppCompat.Button" id="0x7f0a0109" />
<public type="style" name="Widget.AppCompat.Button.Borderless" id="0x7f0a010a" />
<public type="style" name="Widget.AppCompat.Button.Borderless.Colored" id="0x7f0a010b" />
<public type="style" name="Widget.AppCompat.Button.ButtonBar.AlertDialog" id="0x7f0a010c" />
<public type="style" name="Widget.AppCompat.Button.Colored" id="0x7f0a010d" />
<public type="style" name="Widget.AppCompat.Button.Small" id="0x7f0a010e" />
<public type="style" name="Widget.AppCompat.ButtonBar" id="0x7f0a010f" />
<public type="style" name="Widget.AppCompat.ButtonBar.AlertDialog" id="0x7f0a0110" />
<public type="style" name="Widget.AppCompat.CompoundButton.CheckBox" id="0x7f0a0111" />
<public type="style" name="Widget.AppCompat.CompoundButton.RadioButton" id="0x7f0a0112" />
<public type="style" name="Widget.AppCompat.CompoundButton.Switch" id="0x7f0a0113" />
<public type="style" name="Widget.AppCompat.DrawerArrowToggle" id="0x7f0a0114" />
<public type="style" name="Widget.AppCompat.DropDownItem.Spinner" id="0x7f0a0115" />
<public type="style" name="Widget.AppCompat.EditText" id="0x7f0a0116" />
<public type="style" name="Widget.AppCompat.ImageButton" id="0x7f0a0117" />
<public type="style" name="Widget.AppCompat.Light.ActionBar" id="0x7f0a0118" />
<public type="style" name="Widget.AppCompat.Light.ActionBar.Solid" id="0x7f0a0119" />
<public type="style" name="Widget.AppCompat.Light.ActionBar.Solid.Inverse" id="0x7f0a011a" />
<public type="style" name="Widget.AppCompat.Light.ActionBar.TabBar" id="0x7f0a011b" />
<public type="style" name="Widget.AppCompat.Light.ActionBar.TabBar.Inverse" id="0x7f0a011c" />
<public type="style" name="Widget.AppCompat.Light.ActionBar.TabText" id="0x7f0a011d" />
<public type="style" name="Widget.AppCompat.Light.ActionBar.TabText.Inverse" id="0x7f0a011e" />
<public type="style" name="Widget.AppCompat.Light.ActionBar.TabView" id="0x7f0a011f" />
<public type="style" name="Widget.AppCompat.Light.ActionBar.TabView.Inverse" id="0x7f0a0120" />
<public type="style" name="Widget.AppCompat.Light.ActionButton" id="0x7f0a0121" />
<public type="style" name="Widget.AppCompat.Light.ActionButton.CloseMode" id="0x7f0a0122" />
<public type="style" name="Widget.AppCompat.Light.ActionButton.Overflow" id="0x7f0a0123" />
<public type="style" name="Widget.AppCompat.Light.ActionMode.Inverse" id="0x7f0a0124" />
<public type="style" name="Widget.AppCompat.Light.ActivityChooserView" id="0x7f0a0125" />
<public type="style" name="Widget.AppCompat.Light.AutoCompleteTextView" id="0x7f0a0126" />
<public type="style" name="Widget.AppCompat.Light.DropDownItem.Spinner" id="0x7f0a0127" />
<public type="style" name="Widget.AppCompat.Light.ListPopupWindow" id="0x7f0a0128" />
<public type="style" name="Widget.AppCompat.Light.ListView.DropDown" id="0x7f0a0129" />
<public type="style" name="Widget.AppCompat.Light.PopupMenu" id="0x7f0a012a" />
<public type="style" name="Widget.AppCompat.Light.PopupMenu.Overflow" id="0x7f0a012b" />
<public type="style" name="Widget.AppCompat.Light.SearchView" id="0x7f0a012c" />
<public type="style" name="Widget.AppCompat.Light.Spinner.DropDown.ActionBar" id="0x7f0a012d" />
<public type="style" name="Widget.AppCompat.ListPopupWindow" id="0x7f0a012e" />
<public type="style" name="Widget.AppCompat.ListView" id="0x7f0a012f" />
<public type="style" name="Widget.AppCompat.ListView.DropDown" id="0x7f0a0130" />
<public type="style" name="Widget.AppCompat.ListView.Menu" id="0x7f0a0131" />
<public type="style" name="Widget.AppCompat.PopupMenu" id="0x7f0a0132" />
<public type="style" name="Widget.AppCompat.PopupMenu.Overflow" id="0x7f0a0133" />
<public type="style" name="Widget.AppCompat.PopupWindow" id="0x7f0a0134" />
<public type="style" name="Widget.AppCompat.ProgressBar" id="0x7f0a0135" />
<public type="style" name="Widget.AppCompat.ProgressBar.Horizontal" id="0x7f0a0136" />
<public type="style" name="Widget.AppCompat.RatingBar" id="0x7f0a0137" />
<public type="style" name="Widget.AppCompat.RatingBar.Indicator" id="0x7f0a0138" />
<public type="style" name="Widget.AppCompat.RatingBar.Small" id="0x7f0a0139" />
<public type="style" name="Widget.AppCompat.SearchView" id="0x7f0a013a" />
<public type="style" name="Widget.AppCompat.SearchView.ActionBar" id="0x7f0a013b" />
<public type="style" name="Widget.AppCompat.SeekBar" id="0x7f0a013c" />
<public type="style" name="Widget.AppCompat.Spinner" id="0x7f0a013d" />
<public type="style" name="Widget.AppCompat.Spinner.DropDown" id="0x7f0a013e" />
<public type="style" name="Widget.AppCompat.Spinner.DropDown.ActionBar" id="0x7f0a013f" />
<public type="style" name="Widget.AppCompat.Spinner.Underlined" id="0x7f0a0140" />
<public type="style" name="Widget.AppCompat.TextView.SpinnerItem" id="0x7f0a0141" />
<public type="style" name="Widget.AppCompat.Toolbar" id="0x7f0a0142" />
<public type="style" name="Widget.AppCompat.Toolbar.Button.Navigation" id="0x7f0a0143" />
<public type="style" name="Base.V11.Theme.AppCompat.Dialog" id="0x7f0a0013" />
<public type="style" name="Base.V11.Theme.AppCompat.Light.Dialog" id="0x7f0a0014" />
<public type="style" name="Platform.V11.AppCompat" id="0x7f0a0019" />
<public type="style" name="Platform.V11.AppCompat.Light" id="0x7f0a001a" />
<public type="style" name="Base.V12.Widget.AppCompat.AutoCompleteTextView" id="0x7f0a001c" />
<public type="style" name="Base.V12.Widget.AppCompat.EditText" id="0x7f0a001d" />
<public type="style" name="Platform.V14.AppCompat" id="0x7f0a0021" />
<public type="style" name="Platform.V14.AppCompat.Light" id="0x7f0a0022" />
<public type="style" name="Base.V21.Theme.AppCompat" id="0x7f0a005c" />
<public type="style" name="Base.V21.Theme.AppCompat.Dialog" id="0x7f0a005d" />
<public type="style" name="Base.V21.Theme.AppCompat.Light" id="0x7f0a005e" />
<public type="style" name="Base.V21.Theme.AppCompat.Light.Dialog" id="0x7f0a005f" />
<public type="style" name="Base.V22.Theme.AppCompat" id="0x7f0a0081" />
<public type="style" name="Base.V22.Theme.AppCompat.Light" id="0x7f0a0082" />
<public type="style" name="Base.V23.Theme.AppCompat" id="0x7f0a0085" />
<public type="style" name="Base.V23.Theme.AppCompat.Light" id="0x7f0a0086" />
<public type="integer" name="abc_max_action_buttons" id="0x7f0b0000" />
<public type="integer" name="abc_config_activityDefaultDur" id="0x7f0b0001" />
<public type="integer" name="abc_config_activityShortDur" id="0x7f0b0002" />
<public type="integer" name="cancel_button_image_alpha" id="0x7f0b0003" />
<public type="integer" name="google_play_services_version" id="0x7f0b0004" />
<public type="integer" name="status_bar_notification_info_maxnum" id="0x7f0b0005" />
<public type="array" name="xwalk_resources_list" id="0x7f0c0000" />
<public type="color" name="abc_input_method_navigation_guard" id="0x7f0d0000" />
<public type="color" name="abc_search_url_text_normal" id="0x7f0d0001" />
<public type="color" name="abc_search_url_text_pressed" id="0x7f0d0002" />
<public type="color" name="abc_search_url_text_selected" id="0x7f0d0003" />
<public type="color" name="accent_material_dark" id="0x7f0d0004" />
<public type="color" name="accent_material_light" id="0x7f0d0005" />
<public type="color" name="background_floating_material_dark" id="0x7f0d0006" />
<public type="color" name="background_floating_material_light" id="0x7f0d0007" />
<public type="color" name="background_material_dark" id="0x7f0d0008" />
<public type="color" name="background_material_light" id="0x7f0d0009" />
<public type="color" name="bright_foreground_disabled_material_dark" id="0x7f0d000a" />
<public type="color" name="bright_foreground_disabled_material_light" id="0x7f0d000b" />
<public type="color" name="bright_foreground_inverse_material_dark" id="0x7f0d000c" />
<public type="color" name="bright_foreground_inverse_material_light" id="0x7f0d000d" />
<public type="color" name="bright_foreground_material_dark" id="0x7f0d000e" />
<public type="color" name="bright_foreground_material_light" id="0x7f0d000f" />
<public type="color" name="button_material_dark" id="0x7f0d0010" />
<public type="color" name="button_material_light" id="0x7f0d0011" />
<public type="color" name="color_picker_background_color" id="0x7f0d0012" />
<public type="color" name="color_picker_border_color" id="0x7f0d0013" />
<public type="color" name="common_google_signin_btn_text_dark_default" id="0x7f0d0014" />
<public type="color" name="common_google_signin_btn_text_dark_disabled" id="0x7f0d0015" />
<public type="color" name="common_google_signin_btn_text_dark_focused" id="0x7f0d0016" />
<public type="color" name="common_google_signin_btn_text_dark_pressed" id="0x7f0d0017" />
<public type="color" name="common_google_signin_btn_text_light_default" id="0x7f0d0018" />
<public type="color" name="common_google_signin_btn_text_light_disabled" id="0x7f0d0019" />
<public type="color" name="common_google_signin_btn_text_light_focused" id="0x7f0d001a" />
<public type="color" name="common_google_signin_btn_text_light_pressed" id="0x7f0d001b" />
<public type="color" name="dim_foreground_disabled_material_dark" id="0x7f0d001c" />
<public type="color" name="dim_foreground_disabled_material_light" id="0x7f0d001d" />
<public type="color" name="dim_foreground_material_dark" id="0x7f0d001e" />
<public type="color" name="dim_foreground_material_light" id="0x7f0d001f" />
<public type="color" name="dropdown_dark_divider_color" id="0x7f0d0020" />
<public type="color" name="dropdown_divider_color" id="0x7f0d0021" />
<public type="color" name="foreground_material_dark" id="0x7f0d0022" />
<public type="color" name="foreground_material_light" id="0x7f0d0023" />
<public type="color" name="highlighted_text_material_dark" id="0x7f0d0024" />
<public type="color" name="highlighted_text_material_light" id="0x7f0d0025" />
<public type="color" name="hint_foreground_material_dark" id="0x7f0d0026" />
<public type="color" name="hint_foreground_material_light" id="0x7f0d0027" />
<public type="color" name="material_blue_grey_800" id="0x7f0d0028" />
<public type="color" name="material_blue_grey_900" id="0x7f0d0029" />
<public type="color" name="material_blue_grey_950" id="0x7f0d002a" />
<public type="color" name="material_deep_teal_200" id="0x7f0d002b" />
<public type="color" name="material_deep_teal_500" id="0x7f0d002c" />
<public type="color" name="material_grey_100" id="0x7f0d002d" />
<public type="color" name="material_grey_300" id="0x7f0d002e" />
<public type="color" name="material_grey_50" id="0x7f0d002f" />
<public type="color" name="material_grey_600" id="0x7f0d0030" />
<public type="color" name="material_grey_800" id="0x7f0d0031" />
<public type="color" name="material_grey_850" id="0x7f0d0032" />
<public type="color" name="material_grey_900" id="0x7f0d0033" />
<public type="color" name="primary_dark_material_dark" id="0x7f0d0034" />
<public type="color" name="primary_dark_material_light" id="0x7f0d0035" />
<public type="color" name="primary_material_dark" id="0x7f0d0036" />
<public type="color" name="primary_material_light" id="0x7f0d0037" />
<public type="color" name="primary_text_default_material_dark" id="0x7f0d0038" />
<public type="color" name="primary_text_default_material_light" id="0x7f0d0039" />
<public type="color" name="primary_text_disabled_material_dark" id="0x7f0d003a" />
<public type="color" name="primary_text_disabled_material_light" id="0x7f0d003b" />
<public type="color" name="ripple_material_dark" id="0x7f0d003c" />
<public type="color" name="ripple_material_light" id="0x7f0d003d" />
<public type="color" name="secondary_text_default_material_dark" id="0x7f0d003e" />
<public type="color" name="secondary_text_default_material_light" id="0x7f0d003f" />
<public type="color" name="secondary_text_disabled_material_dark" id="0x7f0d0040" />
<public type="color" name="secondary_text_disabled_material_light" id="0x7f0d0041" />
<public type="color" name="switch_thumb_disabled_material_dark" id="0x7f0d0042" />
<public type="color" name="switch_thumb_disabled_material_light" id="0x7f0d0043" />
<public type="color" name="switch_thumb_normal_material_dark" id="0x7f0d0044" />
<public type="color" name="switch_thumb_normal_material_light" id="0x7f0d0045" />
<public type="color" name="abc_background_cache_hint_selector_material_dark" id="0x7f0d0046" />
<public type="color" name="abc_background_cache_hint_selector_material_light" id="0x7f0d0047" />
<public type="color" name="abc_primary_text_disable_only_material_dark" id="0x7f0d0049" />
<public type="color" name="abc_primary_text_disable_only_material_light" id="0x7f0d004a" />
<public type="color" name="abc_primary_text_material_dark" id="0x7f0d004b" />
<public type="color" name="abc_primary_text_material_light" id="0x7f0d004c" />
<public type="color" name="abc_search_url_text" id="0x7f0d004d" />
<public type="color" name="abc_secondary_text_material_dark" id="0x7f0d004e" />
<public type="color" name="abc_secondary_text_material_light" id="0x7f0d004f" />
<public type="color" name="common_google_signin_btn_text_dark" id="0x7f0d0050" />
<public type="color" name="common_google_signin_btn_text_light" id="0x7f0d0051" />
<public type="color" name="switch_thumb_material_dark" id="0x7f0d0052" />
<public type="color" name="switch_thumb_material_light" id="0x7f0d0053" />
<public type="color" name="abc_color_highlight_material" id="0x7f0d0048" />
<public type="id" name="action_bar_activity_content" id="0x7f0e0000" />
<public type="id" name="action_bar_spinner" id="0x7f0e0001" />
<public type="id" name="action_menu_divider" id="0x7f0e0002" />
<public type="id" name="action_menu_presenter" id="0x7f0e0003" />
<public type="id" name="dropdown_popup_window" id="0x7f0e0004" />
<public type="id" name="home" id="0x7f0e0005" />
<public type="id" name="progress_circular" id="0x7f0e0006" />
<public type="id" name="progress_horizontal" id="0x7f0e0007" />
<public type="id" name="split_action_bar" id="0x7f0e0008" />
<public type="id" name="up" id="0x7f0e0009" />
<public type="id" name="listMode" id="0x7f0e000a" />
<public type="id" name="normal" id="0x7f0e000b" />
<public type="id" name="tabMode" id="0x7f0e000c" />
<public type="id" name="disableHome" id="0x7f0e000d" />
<public type="id" name="homeAsUp" id="0x7f0e000e" />
<public type="id" name="none" id="0x7f0e000f" />
<public type="id" name="showCustom" id="0x7f0e0010" />
<public type="id" name="showHome" id="0x7f0e0011" />
<public type="id" name="showTitle" id="0x7f0e0012" />
<public type="id" name="useLogo" id="0x7f0e0013" />
<public type="id" name="wrap_content" id="0x7f0e0014" />
<public type="id" name="multiply" id="0x7f0e0015" />
<public type="id" name="screen" id="0x7f0e0016" />
<public type="id" name="src_atop" id="0x7f0e0017" />
<public type="id" name="src_in" id="0x7f0e0018" />
<public type="id" name="src_over" id="0x7f0e0019" />
<public type="id" name="beginning" id="0x7f0e001a" />
<public type="id" name="end" id="0x7f0e001b" />
<public type="id" name="middle" id="0x7f0e001c" />
<public type="id" name="adjust_height" id="0x7f0e001d" />
<public type="id" name="adjust_width" id="0x7f0e001e" />
<public type="id" name="always" id="0x7f0e001f" />
<public type="id" name="collapseActionView" id="0x7f0e0020" />
<public type="id" name="ifRoom" id="0x7f0e0021" />
<public type="id" name="never" id="0x7f0e0022" />
<public type="id" name="withText" id="0x7f0e0023" />
<public type="id" name="icon_only" id="0x7f0e0024" />
<public type="id" name="standard" id="0x7f0e0025" />
<public type="id" name="wide" id="0x7f0e0026" />
<public type="id" name="auto" id="0x7f0e0027" />
<public type="id" name="dark" id="0x7f0e0028" />
<public type="id" name="light" id="0x7f0e0029" />
<public type="id" name="action_bar_title" id="0x7f0e002a" />
<public type="id" name="action_bar_subtitle" id="0x7f0e002b" />
<public type="id" name="action_mode_close_button" id="0x7f0e002c" />
<public type="id" name="activity_chooser_view_content" id="0x7f0e002d" />
<public type="id" name="expand_activities_button" id="0x7f0e002e" />
<public type="id" name="image" id="0x7f0e002f" />
<public type="id" name="default_activity_button" id="0x7f0e0030" />
<public type="id" name="list_item" id="0x7f0e0031" />
<public type="id" name="icon" id="0x7f0e0032" />
<public type="id" name="title" id="0x7f0e0033" />
<public type="id" name="buttonPanel" id="0x7f0e0034" />
<public type="id" name="spacer" id="0x7f0e0035" />
<public type="id" name="parentPanel" id="0x7f0e0036" />
<public type="id" name="topPanel" id="0x7f0e0037" />
<public type="id" name="title_template" id="0x7f0e0038" />
<public type="id" name="alertTitle" id="0x7f0e0039" />
<public type="id" name="contentPanel" id="0x7f0e003a" />
<public type="id" name="scrollIndicatorUp" id="0x7f0e003b" />
<public type="id" name="scrollView" id="0x7f0e003c" />
<public type="id" name="textSpacerNoButtons" id="0x7f0e003d" />
<public type="id" name="scrollIndicatorDown" id="0x7f0e003e" />
<public type="id" name="customPanel" id="0x7f0e003f" />
<public type="id" name="custom" id="0x7f0e0040" />
<public type="id" name="expanded_menu" id="0x7f0e0041" />
<public type="id" name="checkbox" id="0x7f0e0042" />
<public type="id" name="shortcut" id="0x7f0e0043" />
<public type="id" name="radio" id="0x7f0e0044" />
<public type="id" name="action_bar_root" id="0x7f0e0045" />
<public type="id" name="action_mode_bar_stub" id="0x7f0e0046" />
<public type="id" name="action_mode_bar" id="0x7f0e0047" />
<public type="id" name="decor_content_parent" id="0x7f0e0048" />
<public type="id" name="action_bar_container" id="0x7f0e0049" />
<public type="id" name="action_bar" id="0x7f0e004a" />
<public type="id" name="action_context_bar" id="0x7f0e004b" />
<public type="id" name="edit_query" id="0x7f0e004c" />
<public type="id" name="search_bar" id="0x7f0e004d" />
<public type="id" name="search_badge" id="0x7f0e004e" />
<public type="id" name="search_button" id="0x7f0e004f" />
<public type="id" name="search_edit_frame" id="0x7f0e0050" />
<public type="id" name="search_mag_icon" id="0x7f0e0051" />
<public type="id" name="search_plate" id="0x7f0e0052" />
<public type="id" name="search_src_text" id="0x7f0e0053" />
<public type="id" name="search_close_btn" id="0x7f0e0054" />
<public type="id" name="submit_area" id="0x7f0e0055" />
<public type="id" name="search_go_btn" id="0x7f0e0056" />
<public type="id" name="search_voice_btn" id="0x7f0e0057" />
<public type="id" name="select_dialog_listview" id="0x7f0e0058" />
<public type="id" name="actionbar_discard" id="0x7f0e0059" />
<public type="id" name="actionbar_discard_textview" id="0x7f0e005a" />
<public type="id" name="actionbar_done" id="0x7f0e005b" />
<public type="id" name="actionbar_done_textview" id="0x7f0e005c" />
<public type="id" name="text" id="0x7f0e005d" />
<public type="id" name="gradient_border" id="0x7f0e005e" />
<public type="id" name="gradient" id="0x7f0e005f" />
<public type="id" name="seek_bar" id="0x7f0e0060" />
<public type="id" name="color_picker_advanced" id="0x7f0e0061" />
<public type="id" name="color_picker_simple" id="0x7f0e0062" />
<public type="id" name="more_colors_button_border" id="0x7f0e0063" />
<public type="id" name="more_colors_button" id="0x7f0e0064" />
<public type="id" name="selected_color_view_border" id="0x7f0e0065" />
<public type="id" name="selected_color_view" id="0x7f0e0066" />
<public type="id" name="date_picker" id="0x7f0e0067" />
<public type="id" name="time_picker" id="0x7f0e0068" />
<public type="id" name="date_time_suggestion" id="0x7f0e0069" />
<public type="id" name="date_time_suggestion_value" id="0x7f0e006a" />
<public type="id" name="date_time_suggestion_label" id="0x7f0e006b" />
<public type="id" name="dropdown_label_wrapper" id="0x7f0e006c" />
<public type="id" name="dropdown_label" id="0x7f0e006d" />
<public type="id" name="dropdown_sublabel" id="0x7f0e006e" />
<public type="id" name="dropdown_icon" id="0x7f0e006f" />
<public type="id" name="hour" id="0x7f0e0070" />
<public type="id" name="minute" id="0x7f0e0071" />
<public type="id" name="second_colon" id="0x7f0e0072" />
<public type="id" name="second" id="0x7f0e0073" />
<public type="id" name="second_dot" id="0x7f0e0074" />
<public type="id" name="milli" id="0x7f0e0075" />
<public type="id" name="ampm" id="0x7f0e0076" />
<public type="id" name="gridview" id="0x7f0e0077" />
<public type="id" name="action0" id="0x7f0e0078" />
<public type="id" name="cancel_action" id="0x7f0e0079" />
<public type="id" name="status_bar_latest_event_content" id="0x7f0e007a" />
<public type="id" name="media_actions" id="0x7f0e007b" />
<public type="id" name="action_divider" id="0x7f0e007c" />
<public type="id" name="line1" id="0x7f0e007d" />
<public type="id" name="time" id="0x7f0e007e" />
<public type="id" name="chronometer" id="0x7f0e007f" />
<public type="id" name="text2" id="0x7f0e0080" />
<public type="id" name="line3" id="0x7f0e0081" />
<public type="id" name="info" id="0x7f0e0082" />
<public type="id" name="end_padder" id="0x7f0e0083" />
<public type="id" name="pickers" id="0x7f0e0084" />
<public type="id" name="position_in_year" id="0x7f0e0085" />
<public type="id" name="year" id="0x7f0e0086" />
<public type="id" name="top_view" id="0x7f0e0087" />
<public type="id" name="icon_view" id="0x7f0e0088" />
<public type="id" name="text_wrapper" id="0x7f0e0089" />
<public type="id" name="arrow_image" id="0x7f0e008a" />
<public type="id" name="main_text" id="0x7f0e008b" />
<public type="id" name="sub_text" id="0x7f0e008c" />
<public type="id" name="color_button_swatch" id="0x7f0e008d" />
<public type="id" name="select_action_menu_select_all" id="0x7f0e008e" />
<public type="id" name="select_action_menu_cut" id="0x7f0e008f" />
<public type="id" name="select_action_menu_copy" id="0x7f0e0090" />
<public type="id" name="select_action_menu_paste" id="0x7f0e0091" />
<public type="id" name="select_action_menu_share" id="0x7f0e0092" />
<public type="id" name="select_action_menu_web_search" id="0x7f0e0093" />
<public type="menu" name="select_action_menu" id="0x7f0f0000" />
</resources>