<?xml version="1.0" encoding="utf-8"?>
<resources>
<string name="abc_action_bar_home_description">Navigate home</string>
<string name="abc_action_bar_home_description_format">%1$s, %2$s</string>
<string name="abc_action_bar_home_subtitle_description_format">%1$s, %2$s, %3$s</string>
<string name="abc_action_bar_up_description">Navigate up</string>
<string name="abc_action_menu_overflow_description">More options</string>
<string name="abc_action_mode_done">Done</string>
<string name="abc_activity_chooser_view_see_all">See all</string>
<string name="abc_activitychooserview_choose_application">Choose an app</string>
<string name="abc_capital_off">OFF</string>
<string name="abc_capital_on">ON</string>
<string name="abc_search_hint">Search…</string>
<string name="abc_searchview_description_clear">Clear query</string>
<string name="abc_searchview_description_query">Search query</string>
<string name="abc_searchview_description_search">Search</string>
<string name="abc_searchview_description_submit">Submit query</string>
<string name="abc_searchview_description_voice">Voice search</string>
<string name="abc_shareactionprovider_share_with">Share with</string>
<string name="abc_shareactionprovider_share_with_application">Share with %s</string>
<string name="abc_toolbar_collapse_description">Collapse</string>
<string name="common_google_play_services_enable_button">Enable</string>
<string name="common_google_play_services_enable_text">"%1$s won't work unless you enable Google Play services."</string>
<string name="common_google_play_services_enable_title">Enable Google Play services</string>
<string name="common_google_play_services_install_button">Install</string>
<string name="common_google_play_services_install_text_phone">"%1$s won't run without Google Play services, which are missing from your phone."</string>
<string name="common_google_play_services_install_text_tablet">"%1$s won't run without Google Play services, which are missing from your tablet."</string>
<string name="common_google_play_services_install_title">Get Google Play services</string>
<string name="common_google_play_services_notification_ticker">Google Play services error</string>
<string name="common_google_play_services_unknown_issue">%1$s is having trouble with Google Play services. If the problem persists, please contact the developer for assistance.</string>
<string name="common_google_play_services_unsupported_text">%1$s relies on Google Play services, which is not supported by your device. Contact the manufacturer for assistance.</string>
<string name="common_google_play_services_unsupported_title">Google Play services</string>
<string name="common_google_play_services_update_button">Update</string>
<string name="common_google_play_services_update_text">"%1$s won't run unless you update Google Play services."</string>
<string name="common_google_play_services_update_title">Update Google Play services</string>
<string name="common_google_play_services_updating_text">"%1$s won't run without Google Play services, which are currently updating."</string>
<string name="common_google_play_services_updating_title">Google Play services are updating</string>
<string name="common_google_play_services_wear_update_text">New version of Google Play services needed. It will update itself shortly.</string>
<string name="common_open_on_phone">Open on phone</string>
<string name="common_signin_button_text">Sign in</string>
<string name="common_signin_button_text_long">Sign in with Google</string>
<string name="status_bar_notification_info_overflow">999+</string>
<string name="accessibility_date_picker_month">Month</string>
<string name="accessibility_date_picker_week">Week</string>
<string name="accessibility_date_picker_year">Year</string>
<string name="accessibility_datetime_picker_date">Date</string>
<string name="accessibility_datetime_picker_time">Time</string>
<string name="accessibility_time_picker_ampm">AM/PM</string>
<string name="accessibility_time_picker_hour">Hour</string>
<string name="accessibility_time_picker_milli">Millisecond</string>
<string name="accessibility_time_picker_minute">Minute</string>
<string name="accessibility_time_picker_second">Second</string>
<string name="actionbar_share">Share</string>
<string name="actionbar_web_search">Web search</string>
<string name="autofill_popup_content_description">Showing autofill popup</string>
<string name="color_picker_button_black">Black</string>
<string name="color_picker_button_blue">Blue</string>
<string name="color_picker_button_cancel">Cancel</string>
<string name="color_picker_button_cyan">Cyan</string>
<string name="color_picker_button_green">Green</string>
<string name="color_picker_button_magenta">Magenta</string>
<string name="color_picker_button_more">More</string>
<string name="color_picker_button_red">Red</string>
<string name="color_picker_button_set">Set</string>
<string name="color_picker_button_white">White</string>
<string name="color_picker_button_yellow">Yellow</string>
<string name="color_picker_dialog_title">Select color</string>
<string name="color_picker_hue">Hue</string>
<string name="color_picker_saturation">Saturation</string>
<string name="color_picker_value">Value</string>
<string name="copy_to_clipboard_failure_message">Failed to copy to the clipboard</string>
<string name="date_picker_dialog_clear">Clear</string>
<string name="date_picker_dialog_other_button_label">Other</string>
<string name="date_picker_dialog_set">Set</string>
<string name="date_picker_dialog_title">Set date</string>
<string name="date_time_picker_dialog_title">Set date and time</string>
<string name="low_memory_error">Unable to complete previous operation due to low memory</string>
<string name="media_player_error_button">OK</string>
<string name="media_player_error_text_invalid_progressive_playback">Sorry, this video is not valid for streaming to this device.</string>
<string name="media_player_error_text_unknown">Sorry, this video cannot be played.</string>
<string name="media_player_error_title">Cannot play video</string>
<string name="media_player_loading_video">Loading video</string>
<string name="month_picker_dialog_title">Set month</string>
<string name="opening_file_error">Failed to open selected file</string>
<string name="password_generation_popup_content_description">Showing password generation popup</string>
<string name="profiler_error_toast">Failed to start profiler</string>
<string name="profiler_no_storage_toast">"Can't start profiler because external storage is not ready"</string>
<string name="profiler_started_toast">Profiler started</string>
<string name="profiler_stopped_toast">Profiler finished. Results are in %1$s.</string>
<string name="time_picker_dialog_am">AM</string>
<string name="time_picker_dialog_hour_minute_separator">:</string>
<string name="time_picker_dialog_minute_second_separator">:</string>
<string name="time_picker_dialog_pm">PM</string>
<string name="time_picker_dialog_second_subsecond_separator">.</string>
<string name="time_picker_dialog_title">Set time</string>
<string name="week_picker_dialog_title">Set week</string>
<string name="accept">Accept</string>
<string name="activity_name">@string/launcher_name</string>
<string name="app_name">"Bilichodu gangster's"</string>
<string name="create_calendar_message">Allow Ad to create a calendar event?</string>
<string name="create_calendar_title">Create calendar event</string>
<string name="crosswalk_install_title">Crosswalk Project Install</string>
<string name="debug_menu_ad_information">Ad Information</string>
<string name="debug_menu_creative_preview">Creative Preview</string>
<string name="debug_menu_title">Select a Debug Mode</string>
<string name="debug_menu_troubleshooting">Troubleshooting</string>
<string name="decline">Decline</string>
<string name="discard">Cancel</string>
<string name="done">OK</string>
<string name="download_already_exists_toast">Downloading file already exists, abort.</string>
<string name="download_failed_device_not_found">Download failed. Storage device not found.</string>
<string name="download_failed_insufficient_space">Download failed. Insufficient disk space.</string>
<string name="download_failed_message">Download failed. A network error occurred.</string>
<string name="download_failed_time_out">Download failed. The network connection timed out.</string>
<string name="download_failed_toast">Failed to download file.</string>
<string name="download_finished_toast">Finished to download file.</string>
<string name="download_no_permission_toast">No permission to write, abort.</string>
<string name="download_progress_message">Downloading the Crosswalk Project Service from remote host...</string>
<string name="download_start_toast">Downloading file:</string>
<string name="error_database">There was an error opening the images database. Please report the problem.</string>
<string name="free_version_label">Free version - Images left: %d</string>
<string name="google_app_id">272965620783</string>
<string name="http_auth_log_in">Log In</string>
<string name="http_auth_password">Password</string>
<string name="http_auth_title">Authentication Required</string>
<string name="http_auth_user_name">Username</string>
<string name="js_alert_title">Javascript Alert</string>
<string name="js_confirm_title">Javascript Confirm</string>
<string name="js_prompt_title">Javascript Prompt</string>
<string name="launcher_name">@string/app_name</string>
<string name="market_open_failed_message">Failed to open the app store. You need an app store to download the Crosswalk Project Service.</string>
<string name="multi_app_name">MultiImageChooser</string>
<string name="requesting_thumbnails">Requesting thumbnails, please be patient</string>
<string name="ssl_alert_title">Ssl Certificate Error Alert</string>
<string name="startup_architecture_mismatch_message">The Crosswalk Project Service must be updated to match the CPU architecture of the device. Please install it from the app store, then restart APP_NAME.</string>
<string name="startup_architecture_mismatch_title">Mismatch of CPU Architecture for the Crosswalk Project Service</string>
<string name="startup_newer_version_message">APP_NAME is not compatible with the installed version of the Crosswalk Project Service.</string>
<string name="startup_newer_version_title">Incompatible Crosswalk Project Service</string>
<string name="startup_not_found_message">APP_NAME requires the Crosswalk Project Service to work. Please install it from the app store, then restart APP_NAME.</string>
<string name="startup_not_found_title">Crosswalk Project Service Not Found</string>
<string name="startup_older_version_message">The version of the Crosswalk Project Service on this system must be updated. Please install it from the app store, then restart APP_NAME.</string>
<string name="startup_older_version_title">New Crosswalk Project Service Required</string>
<string name="startup_signature_check_error_message">The integrity of the Crosswalk Project Service cannot be verified. Please uninstall it and restart APP_NAME.</string>
<string name="startup_signature_check_error_title">The Crosswalk Project Signature Verification Failed</string>
<string name="store_picture_message">Allow Ad to store image in Picture gallery?</string>
<string name="store_picture_title">Save image</string>
<string name="xwalk_cancel">Cancel</string>
<string name="xwalk_close">Close</string>
<string name="xwalk_continue">Continue</string>
<string name="xwalk_get_crosswalk">Get Crosswalk</string>
<string name="xwalk_retry">Retry</string>
</resources>
