<?xml version="1.0" encoding="utf-8" ?>
<layer-list xmlns:android="http://schemas.android.com/apk/res/android">
	<item android:left="0.0dip" android:top="0.0dip" android:right="0.0dip" android:bottom="0.0dip">
		<shape android:shape="rectangle">
			<solid android:color="@color/color_picker_border_color" />
		</shape>
	</item>
	<item android:left="1.0px" android:top="0.0px" android:right="1.0px" android:bottom="0.0px">
		<shape android:shape="rectangle">
			<solid android:color="@color/color_picker_background_color" />
		</shape>
	</item>
	<item android:id="@id/color_button_swatch" android:left="2.0px" android:top="1.0px" android:right="2.0px" android:bottom="1.0px">
		<shape android:shape="rectangle">
			<solid android:color="#ffff0000" />
		</shape>
	</item>
</layer-list>
