<?xml version="1.0" encoding="utf-8"?>
<resources>
<dimen name="abc_action_bar_default_height_material">64.0dip</dimen>
<dimen name="abc_text_size_subtitle_material_toolbar">16.0dip</dimen>
<dimen name="abc_text_size_title_material_toolbar">20.0dip</dimen>
<dimen name="abc_config_prefDialogWidth">580.0dip</dimen>
<dimen name="abc_action_bar_content_inset_material">24.0dip</dimen>
<dimen name="abc_action_bar_default_padding_end_material">8.0dip</dimen>
<dimen name="abc_action_bar_default_padding_start_material">8.0dip</dimen>
</resources>
